cust_id,age,income,region,account_type,loan_type,account_open_date,balance,days_past_due,monthly_payment,credit_limit,status,bucket,risk_flag,risk_level,vintage_days,utilization
1,23,63527,East,"Credit Card",Mortgage,2017-01-18,421988,35,7513,481031,Delinquent,30-60,good,medium,3382,0.877257
2,49,45827,East,Current,"Auto Loan",2022-01-15,197938,95,4391,286382,Charged-off,90+,bad,High,1559,0.691168
3,55,76476,North,Loan,"Personal Loan",2019-12-04,222253,120,21034,335671,Charged-off,90+,bad,High,2332,0.662116
4,59,118912,South,Loan,"Credit Card",2022-02-07,38958,35,42379,188862,Delinquent,30-60,good,medium,1536,0.206278
5,38,126580,West,Savings,"Personal Loan",2023-11-22,268200,0,38754,322395,Current,Current,good,low,883,0.831899
6,40,151547,South,Savings,"Credit Card",2022-03-29,245613,120,41745,83081,Charged-off,90+,bad,High,1486,2.95631
7,63,75750,East,Savings,"Auto Loan",2017-08-12,773377,20,23456,222059,Delinquent,0-30,good,low,3176,3.48275
8,43,141833,West,Current,Mortgage,2023-11-04,210159,0,49011,357931,Current,Current,good,low,901,0.58715
9,54,164942,South,Loan,"Credit Card",2024-07-11,613454,70,27868,409336,Charged-off,60-90,bad,High,651,1.49866
10,53,197972,West,Savings,"Credit Card",2024-10-07,733065,10,42773,183502,Delinquent,0-30,good,low,563,3.99486
11,30,49583,West,"Credit Card","Personal Loan",2018-11-11,49952,70,43200,94738,Charged-off,60-90,bad,High,2720,0.527265
12,53,162846,South,Loan,"Credit Card",2019-12-10,465589,0,23586,414031,Current,Current,good,low,2326,1.12453
13,53,75711,North,"Credit Card","Personal Loan",2021-05-04,213071,70,20242,254591,Charged-off,60-90,bad,High,1815,0.836915
14,46,163974,North,"Credit Card","Auto Loan",2018-05-19,748570,10,40413,189382,Delinquent,0-30,good,low,2896,3.9527
15,40,132797,East,"Credit Card",Mortgage,2023-12-28,443013,20,5711,477202,Delinquent,0-30,good,low,847,0.928355
16,35,186085,East,"Credit Card","Auto Loan",2021-02-15,755105,35,13075,308545,Delinquent,30-60,good,medium,1893,2.44731
17,57,184331,East,Savings,"Credit Card",2024-10-23,298307,35,25044,353878,Delinquent,30-60,good,medium,547,0.842966
18,53,50875,West,"Credit Card","Credit Card",2023-07-22,113085,0,12718,100050,Current,Current,good,low,1006,1.13028
19,37,78285,West,"Credit Card",Mortgage,2019-01-09,25904,0,32703,465989,Current,Current,good,low,2661,0.0555893
20,25,53558,South,"Credit Card","Credit Card",2024-01-12,582714,70,48430,117800,Charged-off,60-90,bad,High,832,4.94664
21,24,29864,West,"Credit Card","Personal Loan",2023-06-21,197513,0,12915,88315,Current,Current,good,low,1037,2.23646
22,23,98656,West,Loan,"Auto Loan",2017-03-15,182924,0,48585,172566,Current,Current,good,low,3326,1.06002
23,41,55592,North,Current,"Credit Card",2021-07-13,400177,20,44585,94123,Delinquent,0-30,good,low,1745,4.25164
24,60,151723,East,Loan,Mortgage,2023-12-01,5780,50,47960,373820,Delinquent,30-60,good,medium,874,0.015462
25,23,173598,East,Savings,Mortgage,2018-07-06,705915,0,25706,272588,Current,Current,good,low,2848,2.58968
26,41,113241,West,Current,"Personal Loan",2017-09-27,744535,35,24671,107678,Delinquent,30-60,good,medium,3130,6.91446
27,28,181402,West,Savings,Mortgage,2025-01-10,795372,0,30665,147859,Current,Current,good,low,468,5.37926
28,62,124357,East,Savings,"Personal Loan",2017-05-08,338680,0,35472,333383,Current,Current,good,low,3272,1.01589
29,56,145336,South,Current,"Credit Card",2018-03-18,432534,0,8123,38126,Current,Current,good,low,2958,11.3449
30,49,69779,North,Current,"Personal Loan",2021-09-08,338029,35,18539,103329,Delinquent,30-60,good,medium,1688,3.27139
31,59,149408,East,Current,"Personal Loan",2019-11-11,418889,50,1874,144938,Delinquent,30-60,good,medium,2355,2.89013
32,54,104784,South,Loan,"Personal Loan",2023-01-26,757522,0,30438,152381,Current,Current,good,low,1183,4.97124
33,42,97086,North,Loan,Mortgage,2018-01-24,746905,0,16502,207384,Current,Current,good,low,3011,3.60156
34,51,169047,West,Loan,"Credit Card",2017-10-02,396098,50,10447,402706,Delinquent,30-60,good,medium,3125,0.983591
35,48,67397,North,Loan,Mortgage,2024-10-09,337309,120,30604,297274,Charged-off,90+,bad,High,561,1.13467
36,55,138531,West,Savings,Mortgage,2017-05-30,146270,0,9703,481982,Current,Current,good,low,3250,0.303476
37,54,137832,North,"Credit Card","Auto Loan",2021-12-06,524446,10,10819,327783,Delinquent,0-30,good,low,1599,1.59998
38,33,103233,East,Loan,"Credit Card",2020-10-17,354888,10,41742,320575,Delinquent,0-30,good,low,2014,1.10704
39,61,54102,North,Savings,"Auto Loan",2022-09-14,167331,20,40122,396370,Delinquent,0-30,good,low,1317,0.422159
40,24,112228,South,Loan,"Personal Loan",2018-06-26,508219,10,43910,118874,Delinquent,0-30,good,low,2858,4.27527
41,63,70556,North,"Credit Card","Auto Loan",2020-07-28,609152,0,45185,358846,Current,Current,good,low,2095,1.69753
42,26,81402,South,"Credit Card","Credit Card",2022-05-23,498733,10,37196,335755,Delinquent,0-30,good,low,1431,1.48541
43,21,149744,South,Loan,"Personal Loan",2017-11-30,222745,10,18120,498384,Delinquent,0-30,good,low,3066,0.446934
44,32,69936,South,"Credit Card","Personal Loan",2019-01-21,796046,35,14413,192824,Delinquent,30-60,good,medium,2649,4.12836
45,55,130363,North,Savings,"Credit Card",2020-05-14,440628,50,41687,196314,Delinquent,30-60,good,medium,2170,2.24451
46,31,195057,South,"Credit Card","Personal Loan",2023-02-25,699579,95,47090,187537,Charged-off,90+,bad,High,1153,3.73035
47,43,156241,South,Loan,"Credit Card",2018-10-30,496114,95,12151,52714,Charged-off,90+,bad,High,2732,9.41143
48,34,133699,East,Savings,"Auto Loan",2024-09-25,39616,0,27267,464786,Current,Current,good,low,575,0.0852349
49,39,68772,North,Current,"Credit Card",2017-07-23,414032,0,45743,369185,Current,Current,good,low,3196,1.12148
50,57,34814,South,Savings,"Auto Loan",2018-03-25,666568,20,15578,83158,Delinquent,0-30,good,low,2951,8.01568
51,36,61881,West,Savings,"Credit Card",2024-06-28,579257,0,21605,426770,Current,Current,good,low,664,1.3573
52,64,37232,East,"Credit Card","Personal Loan",2018-12-26,445210,0,1167,158391,Current,Current,good,low,2675,2.81083
53,48,115194,South,Current,"Auto Loan",2019-04-02,752878,10,47431,117645,Delinquent,0-30,good,low,2578,6.39957
54,51,110657,East,Current,"Personal Loan",2023-07-28,634115,70,2769,183087,Charged-off,60-90,bad,High,1000,3.46346
55,27,162791,North,"Credit Card",Mortgage,2018-09-28,709685,0,37242,248320,Current,Current,good,low,2764,2.85795
56,47,56284,West,Current,"Credit Card",2017-06-19,379814,70,40329,201531,Charged-off,60-90,bad,High,3230,1.88464
57,37,113133,South,Loan,Mortgage,2022-11-07,517007,0,44502,465997,Current,Current,good,low,1263,1.10946
58,27,51563,South,"Credit Card","Auto Loan",2024-09-11,480501,0,42096,162533,Current,Current,good,low,589,2.95633
59,35,44654,West,"Credit Card","Auto Loan",2017-03-30,792793,0,22266,156501,Current,Current,good,low,3311,5.06574
60,60,90463,North,Savings,Mortgage,2021-12-09,86130,70,42057,48017,Charged-off,60-90,bad,High,1596,1.79374
61,32,51563,North,Loan,"Personal Loan",2022-09-02,258414,0,49617,455355,Current,Current,good,low,1329,0.5675
62,28,144172,East,"Credit Card","Auto Loan",2019-05-11,658033,0,41290,121772,Current,Current,good,low,2539,5.40381
63,22,124628,East,Loan,Mortgage,2022-10-29,64214,0,37170,476005,Current,Current,good,low,1272,0.134902
64,64,101816,South,Savings,Mortgage,2019-04-28,39320,10,14430,235032,Delinquent,0-30,good,low,2552,0.167296
65,58,165647,West,"Credit Card","Auto Loan",2023-03-04,696398,20,39092,178487,Delinquent,0-30,good,low,1146,3.90167
66,46,129756,South,"Credit Card","Personal Loan",2024-04-21,373472,35,18657,336415,Delinquent,30-60,good,medium,732,1.11015
67,41,103234,South,Loan,"Auto Loan",2019-06-02,693967,20,29631,152067,Delinquent,0-30,good,low,2517,4.56356
68,33,62297,South,"Credit Card","Personal Loan",2024-01-29,87033,0,1495,40765,Current,Current,good,low,815,2.13499
69,39,101516,East,"Credit Card","Personal Loan",2022-10-31,688066,20,24676,300758,Delinquent,0-30,good,low,1270,2.28777
70,38,52979,West,"Credit Card","Credit Card",2018-06-18,253868,0,35899,295133,Current,Current,good,low,2866,0.860182
71,22,122234,North,"Credit Card","Personal Loan",2022-10-22,210727,10,6662,278449,Delinquent,0-30,good,low,1279,0.756788
72,62,120922,West,Current,Mortgage,2019-03-16,332570,0,16511,223037,Current,Current,good,low,2595,1.4911
73,48,178637,West,"Credit Card","Credit Card",2022-10-17,788486,0,15690,154585,Current,Current,good,low,1284,5.10066
74,43,81022,West,"Credit Card","Auto Loan",2024-02-20,741965,70,4777,152762,Charged-off,60-90,bad,High,793,4.857
75,24,141449,West,"Credit Card",Mortgage,2018-08-24,710080,95,6567,312987,Charged-off,90+,bad,High,2799,2.26872
76,24,122930,West,Savings,Mortgage,2020-03-26,251249,70,41914,359593,Charged-off,60-90,bad,High,2219,0.698704
77,32,38325,East,"Credit Card",Mortgage,2022-04-20,228503,50,10104,163647,Delinquent,30-60,good,medium,1464,1.39632
78,42,99904,East,Loan,"Auto Loan",2022-09-14,612325,50,17021,108081,Delinquent,30-60,good,medium,1317,5.66543
79,46,39116,West,Current,Mortgage,2018-06-21,575683,0,5771,112082,Current,Current,good,low,2863,5.13627
80,60,120482,North,"Credit Card","Personal Loan",2023-12-26,564859,35,10619,179184,Delinquent,30-60,good,medium,849,3.1524
81,62,33465,West,"Credit Card","Credit Card",2020-03-05,294678,120,48643,325876,Charged-off,90+,bad,High,2240,0.904264
82,55,80306,South,Loan,"Credit Card",2020-07-13,718227,35,44843,355367,Delinquent,30-60,good,medium,2110,2.02109
83,24,131399,South,Savings,"Personal Loan",2021-10-17,146280,120,22130,357878,Charged-off,90+,bad,High,1649,0.408743
84,32,75889,North,Current,"Credit Card",2024-07-30,252968,0,44325,214594,Current,Current,good,low,632,1.17882
85,24,25400,North,Loan,"Credit Card",2017-03-07,57372,50,19101,159971,Delinquent,30-60,good,medium,3334,0.35864
86,51,91317,East,Loan,"Credit Card",2018-01-17,448400,20,45249,128755,Delinquent,0-30,good,low,3018,3.48258
87,27,76664,North,Current,"Credit Card",2020-10-28,541297,50,43439,451017,Delinquent,30-60,good,medium,2003,1.20017
88,30,142955,South,Loan,"Personal Loan",2022-05-22,651659,0,46391,215997,Current,Current,good,low,1432,3.01698
89,44,144616,North,Savings,Mortgage,2021-11-22,392851,0,40744,352047,Current,Current,good,low,1613,1.1159
90,35,29851,North,Current,"Auto Loan",2017-12-08,798549,20,6578,467221,Delinquent,0-30,good,low,3058,1.70915
91,59,172380,North,Current,Mortgage,2019-11-01,142503,35,35730,182190,Delinquent,30-60,good,medium,2365,0.782167
92,40,168460,West,"Credit Card","Credit Card",2023-02-16,529029,0,29356,373865,Current,Current,good,low,1162,1.41503
93,27,129089,South,"Credit Card","Credit Card",2017-10-31,729840,70,23326,147943,Charged-off,60-90,bad,High,3096,4.93325
94,33,42871,West,Loan,"Personal Loan",2019-02-26,149442,0,12437,370648,Current,Current,good,low,2613,0.403191
95,48,75791,North,Savings,Mortgage,2022-06-28,316797,0,34053,350739,Current,Current,good,low,1395,0.903227
96,59,128258,South,Savings,Mortgage,2023-07-28,724649,70,41007,476670,Charged-off,60-90,bad,High,1000,1.52023
97,38,179239,South,Current,"Auto Loan",2019-08-12,97448,0,27492,408829,Current,Current,good,low,2446,0.238359
98,31,147932,North,Current,Mortgage,2025-02-04,713203,0,33293,485140,Current,Current,good,low,443,1.4701
99,56,30525,West,Current,"Auto Loan",2020-05-11,735357,20,23167,273064,Delinquent,0-30,good,low,2173,2.69298
100,56,43390,South,Current,"Personal Loan",2018-06-18,144022,0,24807,336721,Current,Current,good,low,2866,0.427719
101,22,173528,East,Loan,"Personal Loan",2020-12-04,282077,20,17448,373397,Delinquent,0-30,good,low,1966,0.755435
102,37,132701,North,Savings,"Credit Card",2021-06-20,153314,35,14905,130972,Delinquent,30-60,good,medium,1768,1.17059
103,26,182125,East,Current,"Auto Loan",2021-04-03,732486,50,39141,469907,Delinquent,30-60,good,medium,1846,1.55879
104,61,27603,North,Current,"Auto Loan",2024-02-02,714709,50,10947,33782,Delinquent,30-60,good,medium,811,21.1565
105,43,149152,West,Savings,"Auto Loan",2020-11-19,623463,20,10297,182622,Delinquent,0-30,good,low,1981,3.41395
106,36,111163,East,"Credit Card",Mortgage,2021-07-04,773122,50,14540,230640,Delinquent,30-60,good,medium,1754,3.35207
107,61,177065,West,Savings,"Personal Loan",2019-09-23,437656,20,10739,294006,Delinquent,0-30,good,low,2404,1.4886
108,46,156223,East,Current,"Auto Loan",2020-12-11,724385,35,13773,77684,Delinquent,30-60,good,medium,1959,9.32476
109,21,73971,North,Loan,"Personal Loan",2022-05-05,273840,0,14600,122108,Current,Current,good,low,1449,2.2426
110,56,153894,South,"Credit Card","Auto Loan",2020-11-26,44401,0,18518,112810,Current,Current,good,low,1974,0.393591
111,50,179372,South,"Credit Card","Personal Loan",2024-12-03,643034,0,47853,392814,Current,Current,good,low,506,1.63699
112,22,127136,North,Savings,Mortgage,2021-09-23,450119,70,41038,459896,Charged-off,60-90,bad,High,1673,0.978741
113,40,95490,North,Loan,"Credit Card",2023-09-10,474880,50,39384,250228,Delinquent,30-60,good,medium,956,1.89779
114,25,83954,West,Savings,"Credit Card",2020-05-12,400660,10,1695,324773,Delinquent,0-30,good,low,2172,1.23366
115,51,88579,North,"Credit Card",Mortgage,2019-07-29,256270,120,8401,113102,Charged-off,90+,bad,High,2460,2.26583
116,28,51811,South,Savings,"Auto Loan",2021-12-26,773086,35,7815,150255,Delinquent,30-60,good,medium,1579,5.14516
117,50,120583,North,"Credit Card","Auto Loan",2018-08-04,593750,70,8241,372332,Charged-off,60-90,bad,High,2819,1.59468
118,59,62842,West,Loan,"Credit Card",2020-04-21,798053,35,35534,407836,Delinquent,30-60,good,medium,2193,1.9568
119,22,199032,North,"Credit Card",Mortgage,2019-10-23,44069,0,8415,325953,Current,Current,good,low,2374,0.1352
120,33,181986,North,Current,"Credit Card",2017-09-21,52249,20,34572,167062,Delinquent,0-30,good,low,3136,0.312752
121,24,29269,East,Current,"Credit Card",2021-08-09,455355,0,2296,375717,Current,Current,good,low,1718,1.21196
122,28,196800,North,Current,Mortgage,2019-12-15,495326,95,41459,281945,Charged-off,90+,bad,High,2321,1.75682
123,59,104855,West,Savings,"Credit Card",2023-10-18,651656,35,18342,405434,Delinquent,30-60,good,medium,918,1.6073
124,45,179295,West,Savings,Mortgage,2018-09-14,754688,70,23352,43930,Charged-off,60-90,bad,High,2778,17.1793
125,27,115704,West,Current,"Personal Loan",2017-12-07,734926,0,19936,187765,Current,Current,good,low,3059,3.91407
126,34,54427,North,"Credit Card",Mortgage,2019-11-03,796178,0,34536,27629,Current,Current,good,low,2363,28.8167
127,49,127861,South,Current,"Credit Card",2019-08-19,359582,70,45403,344701,Charged-off,60-90,bad,High,2439,1.04317
128,41,147771,North,"Credit Card",Mortgage,2022-01-30,699929,95,15386,325232,Charged-off,90+,bad,High,1544,2.15209
129,57,63138,South,Loan,Mortgage,2019-07-25,386202,0,35955,30256,Current,Current,good,low,2464,12.7645
130,53,88518,North,"Credit Card","Credit Card",2025-03-16,309969,0,9214,339615,Current,Current,good,low,403,0.912707
131,61,99757,West,"Credit Card","Credit Card",2021-07-09,711884,0,12070,262130,Current,Current,good,low,1749,2.71577
132,45,126465,East,Savings,"Personal Loan",2020-03-30,504440,50,1790,485541,Delinquent,30-60,good,medium,2215,1.03892
133,34,193282,South,"Credit Card",Mortgage,2022-08-14,469229,0,28786,124905,Current,Current,good,low,1348,3.75669
134,29,154038,East,"Credit Card","Auto Loan",2022-09-02,5497,10,20053,352681,Delinquent,0-30,good,low,1329,0.0155863
135,35,71026,West,Savings,"Credit Card",2025-03-10,474264,70,46537,252239,Charged-off,60-90,bad,High,409,1.88022
136,27,177229,South,"Credit Card",Mortgage,2019-08-13,375901,0,36551,126288,Current,Current,good,low,2445,2.97654
137,22,179583,South,Savings,"Personal Loan",2021-07-25,104800,0,33094,142859,Current,Current,good,low,1733,0.73359
138,51,114178,West,Current,"Credit Card",2024-08-31,527685,95,38274,167802,Charged-off,90+,bad,High,600,3.14469
139,27,198526,East,Current,Mortgage,2020-08-15,687860,0,43904,298525,Current,Current,good,low,2077,2.3042
140,61,54998,North,Loan,"Credit Card",2020-01-14,689687,120,34957,496045,Charged-off,90+,bad,High,2291,1.39037
141,31,127015,South,Loan,"Auto Loan",2024-01-16,609068,0,40689,402259,Current,Current,good,low,828,1.51412
142,33,189369,East,"Credit Card",Mortgage,2022-06-05,260880,20,30335,490637,Delinquent,0-30,good,low,1418,0.531717
143,33,158040,East,Savings,Mortgage,2021-08-25,741049,20,2693,230492,Delinquent,0-30,good,low,1702,3.21507
144,46,62507,North,"Credit Card",Mortgage,2021-07-04,44763,50,39798,270855,Delinquent,30-60,good,medium,1754,0.165266
145,63,189369,South,"Credit Card",Mortgage,2023-02-09,526524,35,9171,402555,Delinquent,30-60,good,medium,1169,1.30796
146,28,184508,North,"Credit Card","Personal Loan",2017-01-31,107128,0,30956,358577,Current,Current,good,low,3369,0.298759
147,34,78078,North,"Credit Card","Auto Loan",2022-08-23,172068,0,14482,438058,Current,Current,good,low,1339,0.392797
148,22,111734,North,"Credit Card","Auto Loan",2018-10-03,763534,10,9377,176643,Delinquent,0-30,good,low,2759,4.32247
149,62,69630,South,Savings,"Credit Card",2023-06-06,534835,0,29131,85115,Current,Current,good,low,1052,6.28368
150,35,78005,South,"Credit Card","Personal Loan",2019-01-23,205207,50,22387,435120,Delinquent,30-60,good,medium,2647,0.47161
151,44,47422,West,"Credit Card","Auto Loan",2022-06-18,267001,20,32154,134338,Delinquent,0-30,good,low,1405,1.98753
152,54,176950,East,Savings,Mortgage,2022-09-13,500843,35,24938,434084,Delinquent,30-60,good,medium,1318,1.15379
153,24,84589,East,Savings,"Personal Loan",2020-10-03,579441,0,42564,69098,Current,Current,good,low,2028,8.38579
154,38,165916,East,Loan,Mortgage,2021-07-08,637344,0,29624,249853,Current,Current,good,low,1750,2.55088
155,45,184178,North,Current,"Credit Card",2024-04-13,350202,70,49445,457994,Charged-off,60-90,bad,High,740,0.764643
156,44,67454,East,Savings,Mortgage,2023-05-08,689142,0,36366,122537,Current,Current,good,low,1081,5.62395
157,26,55491,East,Savings,"Auto Loan",2022-04-20,661423,50,32323,47153,Delinquent,30-60,good,medium,1464,14.0272
158,54,145126,West,Current,"Credit Card",2017-11-27,295322,20,11496,414538,Delinquent,0-30,good,low,3069,0.712412
159,58,137214,South,Loan,"Auto Loan",2022-06-20,687342,120,36321,51098,Charged-off,90+,bad,High,1403,13.4514
160,23,161336,North,Current,"Credit Card",2021-06-11,542214,0,26543,22881,Current,Current,good,low,1777,23.6971
161,39,40044,West,Savings,Mortgage,2019-01-23,193233,0,13399,214655,Current,Current,good,low,2647,0.900203
162,56,65137,West,Current,Mortgage,2018-02-06,46752,95,42158,338963,Charged-off,90+,bad,High,2998,0.137927
163,39,47202,West,Loan,"Personal Loan",2025-01-21,259716,0,27110,67635,Current,Current,good,low,457,3.83996
164,48,143323,North,Current,"Personal Loan",2017-01-23,49618,20,12917,338013,Delinquent,0-30,good,low,3377,0.146793
165,30,32638,West,Savings,"Personal Loan",2018-09-11,736499,0,32412,98243,Current,Current,good,low,2781,7.49671
166,38,91672,North,Savings,Mortgage,2017-08-24,695477,10,28699,228866,Delinquent,0-30,good,low,3164,3.0388
167,24,122769,North,Loan,Mortgage,2023-12-06,651276,120,48030,303071,Charged-off,90+,bad,High,869,2.14892
168,32,110908,East,Savings,"Credit Card",2024-08-31,103620,0,30501,360768,Current,Current,good,low,600,0.287221
169,47,127091,West,Savings,Mortgage,2022-10-19,86401,0,47648,483230,Current,Current,good,low,1282,0.178799
170,49,136553,East,Loan,"Auto Loan",2018-08-31,504517,120,13811,185536,Charged-off,90+,bad,High,2792,2.71924
171,32,142414,East,"Credit Card",Mortgage,2022-09-29,726947,0,26414,454642,Current,Current,good,low,1302,1.59894
172,31,46399,West,Savings,Mortgage,2018-12-14,642302,95,33950,77891,Charged-off,90+,bad,High,2687,8.24616
173,24,50672,South,Loan,Mortgage,2020-05-04,312870,35,17832,131262,Delinquent,30-60,good,medium,2180,2.38355
174,44,112319,South,"Credit Card","Auto Loan",2020-06-10,151192,70,12120,22710,Charged-off,60-90,bad,High,2143,6.65751
175,46,77113,West,Current,"Personal Loan",2024-09-11,305501,10,20386,72625,Delinquent,0-30,good,low,589,4.20655
176,48,125872,West,Loan,Mortgage,2017-05-16,374827,0,11529,419950,Current,Current,good,low,3264,0.892551
177,24,124190,North,"Credit Card",Mortgage,2024-04-06,177609,35,18956,393842,Delinquent,30-60,good,medium,747,0.450965
178,56,43041,North,Loan,Mortgage,2017-04-12,463332,35,9384,417655,Delinquent,30-60,good,medium,3298,1.10937
179,35,31235,North,"Credit Card","Auto Loan",2017-06-20,13286,0,45683,328726,Current,Current,good,low,3229,0.0404166
180,42,49409,North,"Credit Card",Mortgage,2021-07-22,670703,0,27552,222082,Current,Current,good,low,1736,3.02007
181,44,35926,South,"Credit Card","Personal Loan",2020-01-29,734763,0,3652,324744,Current,Current,good,low,2276,2.26259
182,44,126850,West,"Credit Card","Auto Loan",2024-08-18,743256,50,38721,488862,Delinquent,30-60,good,medium,613,1.52038
183,57,179652,North,Savings,"Personal Loan",2021-01-30,266815,35,21035,315977,Delinquent,30-60,good,medium,1909,0.844413
184,25,85853,West,Savings,"Personal Loan",2018-09-10,442137,0,40954,104168,Current,Current,good,low,2782,4.24446
185,26,105362,North,Loan,Mortgage,2021-08-14,541995,0,30211,480920,Current,Current,good,low,1713,1.127
186,30,57166,West,Current,Mortgage,2018-11-10,155298,0,15394,143427,Current,Current,good,low,2721,1.08277
187,23,29837,South,Current,"Auto Loan",2018-09-20,266477,10,20213,24775,Delinquent,0-30,good,low,2772,10.7559
188,58,78738,South,Savings,"Credit Card",2024-06-19,762928,50,12718,61502,Delinquent,30-60,good,medium,673,12.4049
189,54,118701,North,"Credit Card","Credit Card",2022-01-14,274629,0,30740,229655,Current,Current,good,low,1560,1.19583
190,26,180056,West,Loan,"Credit Card",2021-02-25,706103,0,30932,405637,Current,Current,good,low,1883,1.74073
191,30,142736,West,Current,"Credit Card",2017-10-24,583767,70,16144,471956,Charged-off,60-90,bad,High,3103,1.23691
192,36,72456,East,Loan,"Personal Loan",2024-09-04,637422,0,9032,398771,Current,Current,good,low,596,1.59847
193,49,140210,West,"Credit Card","Credit Card",2021-09-24,623080,0,49732,244410,Current,Current,good,low,1672,2.54932
194,23,92236,North,"Credit Card","Auto Loan",2020-01-05,106875,50,29945,79574,Delinquent,30-60,good,medium,2300,1.34309
195,31,100346,South,Loan,"Personal Loan",2023-11-06,512185,0,26787,305410,Current,Current,good,low,899,1.67704
196,57,118553,West,Current,Mortgage,2018-05-27,737520,50,38039,250115,Delinquent,30-60,good,medium,2888,2.94872
197,24,196022,North,Current,"Credit Card",2023-05-28,743550,0,2782,249654,Current,Current,good,low,1061,2.97832
198,24,34726,West,Current,"Credit Card",2017-04-23,553558,20,44286,23857,Delinquent,0-30,good,low,3287,23.2032
199,44,121098,East,"Credit Card","Credit Card",2020-07-29,242125,120,30052,329067,Charged-off,90+,bad,High,2094,0.735792
200,48,198052,West,"Credit Card","Credit Card",2022-05-07,285325,0,31317,196039,Current,Current,good,low,1447,1.45545
201,55,47329,West,Loan,"Auto Loan",2021-01-20,338910,35,9661,427966,Delinquent,30-60,good,medium,1919,0.791909
202,58,155732,South,Savings,"Auto Loan",2019-07-05,609072,0,1213,90332,Current,Current,good,low,2484,6.74259
203,44,26015,South,Current,"Personal Loan",2020-06-10,640518,35,29619,452640,Delinquent,30-60,good,medium,2143,1.41507
204,42,63625,West,Loan,Mortgage,2017-06-10,279257,35,12356,128591,Delinquent,30-60,good,medium,3239,2.17167
205,46,131549,South,Loan,"Credit Card",2017-06-16,523390,0,31973,149407,Current,Current,good,low,3233,3.50312
206,38,117526,East,Loan,Mortgage,2023-11-27,32550,10,29350,495177,Delinquent,0-30,good,low,878,0.0657341
207,23,163402,West,Savings,"Credit Card",2021-10-29,310491,50,5152,352784,Delinquent,30-60,good,medium,1637,0.880116
208,31,90549,East,Loan,"Personal Loan",2019-01-02,331790,50,9669,80185,Delinquent,30-60,good,medium,2668,4.13781
209,29,144861,East,"Credit Card","Auto Loan",2024-05-24,74466,0,14542,312810,Current,Current,good,low,699,0.238055
210,53,195587,East,Savings,Mortgage,2018-09-25,797129,0,8171,394506,Current,Current,good,low,2767,2.02058
211,46,76681,West,Loan,Mortgage,2022-07-25,606088,20,2001,342347,Delinquent,0-30,good,low,1368,1.77039
212,56,142931,East,"Credit Card","Personal Loan",2024-07-25,264803,10,15733,372895,Delinquent,0-30,good,low,637,0.710128
213,24,119672,North,Savings,"Credit Card",2020-07-08,53995,70,45840,22828,Charged-off,60-90,bad,High,2115,2.3653
214,22,84719,East,Savings,"Credit Card",2022-08-28,592101,50,22139,240120,Delinquent,30-60,good,medium,1334,2.46585
215,28,191745,North,Current,Mortgage,2019-04-01,556686,35,23565,254774,Delinquent,30-60,good,medium,2579,2.18502
216,27,80722,West,Savings,Mortgage,2025-01-19,24912,10,29161,322592,Delinquent,0-30,good,low,459,0.0772245
217,56,26536,North,Savings,"Auto Loan",2019-06-28,60249,95,37213,60609,Charged-off,90+,bad,High,2491,0.99406
218,54,163194,East,Current,"Personal Loan",2019-05-16,19682,35,39747,408285,Delinquent,30-60,good,medium,2534,0.0482065
219,60,191467,North,Loan,"Credit Card",2017-01-23,749626,120,31265,85351,Charged-off,90+,bad,High,3377,8.78286
220,39,81883,North,Current,"Personal Loan",2020-12-12,598611,10,3493,38070,Delinquent,0-30,good,low,1958,15.724
221,49,141782,North,"Credit Card","Personal Loan",2023-10-28,144944,120,44362,265373,Charged-off,90+,bad,High,908,0.54619
222,59,76532,West,Loan,"Credit Card",2017-05-25,192889,120,14705,146837,Charged-off,90+,bad,High,3255,1.31363
223,26,151916,West,Savings,"Credit Card",2021-12-06,562843,35,14523,377190,Delinquent,30-60,good,medium,1599,1.4922
224,30,75479,North,Current,Mortgage,2017-05-10,239685,0,37212,204100,Current,Current,good,low,3270,1.17435
225,61,156473,South,Savings,"Credit Card",2018-03-12,478725,0,49699,433604,Current,Current,good,low,2964,1.10406
226,62,181308,West,Loan,"Auto Loan",2017-06-18,548976,20,15019,409075,Delinquent,0-30,good,low,3231,1.34199
227,25,136892,East,"Credit Card","Credit Card",2018-02-01,59471,0,45858,120930,Current,Current,good,low,3003,0.49178
228,44,41410,East,Savings,"Personal Loan",2019-04-15,440371,0,39029,213593,Current,Current,good,low,2565,2.06173
229,61,64288,South,Savings,"Credit Card",2019-02-13,290532,10,17176,161324,Delinquent,0-30,good,low,2626,1.80092
230,42,180000,South,"Credit Card","Auto Loan",2021-01-16,159213,70,46770,391774,Charged-off,60-90,bad,High,1923,0.40639
231,46,162875,South,"Credit Card","Credit Card",2019-05-26,673235,0,45768,326092,Current,Current,good,low,2524,2.06456
232,57,152481,North,Savings,"Credit Card",2021-06-21,419078,50,3407,51500,Delinquent,30-60,good,medium,1767,8.13744
233,49,139093,South,"Credit Card","Credit Card",2023-06-19,543390,70,37219,380564,Charged-off,60-90,bad,High,1039,1.42785
234,56,27240,North,"Credit Card","Auto Loan",2024-09-16,42544,70,23984,156721,Charged-off,60-90,bad,High,584,0.271463
235,40,71099,North,"Credit Card","Credit Card",2017-03-21,297261,20,39293,321601,Delinquent,0-30,good,low,3320,0.924316
236,38,94533,North,"Credit Card",Mortgage,2017-12-16,59646,0,4759,106994,Current,Current,good,low,3050,0.557471
237,60,37739,South,"Credit Card","Personal Loan",2017-08-16,413593,35,38937,193246,Delinquent,30-60,good,medium,3172,2.14024
238,61,66361,North,"Credit Card","Auto Loan",2021-06-03,184983,20,41289,290126,Delinquent,0-30,good,low,1785,0.637595
239,35,62841,West,Current,Mortgage,2017-05-15,452880,0,31074,423240,Current,Current,good,low,3265,1.07003
240,35,163147,South,"Credit Card","Personal Loan",2024-10-15,648703,70,47745,201146,Charged-off,60-90,bad,High,555,3.22504
241,44,63673,North,Current,"Auto Loan",2019-12-05,710300,50,4084,266746,Delinquent,30-60,good,medium,2331,2.66283
242,49,41026,West,"Credit Card","Credit Card",2020-11-24,622831,0,33797,247978,Current,Current,good,low,1976,2.51164
243,37,185138,East,Current,Mortgage,2021-06-28,199474,20,14017,303946,Delinquent,0-30,good,low,1760,0.656281
244,45,119756,West,Savings,Mortgage,2021-09-16,404901,70,29513,260943,Charged-off,60-90,bad,High,1680,1.55168
245,36,108626,West,"Credit Card",Mortgage,2023-11-13,285070,0,24125,85493,Current,Current,good,low,892,3.33442
246,37,79213,East,Current,"Credit Card",2017-05-18,55350,20,30286,493695,Delinquent,0-30,good,low,3262,0.112114
247,41,70845,East,Loan,"Credit Card",2017-08-29,362633,10,37596,53693,Delinquent,0-30,good,low,3159,6.75382
248,64,161929,South,Savings,Mortgage,2021-05-06,742223,70,35482,297824,Charged-off,60-90,bad,High,1813,2.49215
249,47,159632,South,"Credit Card","Credit Card",2024-09-05,369524,20,5983,493215,Delinquent,0-30,good,low,595,0.749215
250,25,25906,West,Loan,"Credit Card",2023-03-14,692747,20,23800,196604,Delinquent,0-30,good,low,1136,3.52357
251,42,118052,South,Savings,Mortgage,2022-06-01,173002,0,26333,430923,Current,Current,good,low,1422,0.401468
252,53,164397,East,Savings,"Auto Loan",2024-10-20,289039,0,8062,158145,Current,Current,good,low,550,1.82768
253,60,102508,South,Loan,"Credit Card",2018-11-12,586892,10,18851,50168,Delinquent,0-30,good,low,2719,11.6985
254,22,76073,West,"Credit Card",Mortgage,2019-04-14,775963,0,42882,38947,Current,Current,good,low,2566,19.9236
255,55,75650,East,Savings,"Credit Card",2018-01-03,556430,35,21069,177165,Delinquent,30-60,good,medium,3032,3.14074
256,63,113114,North,Savings,Mortgage,2023-08-01,299720,70,3144,61059,Charged-off,60-90,bad,High,996,4.90869
257,39,134293,East,"Credit Card","Personal Loan",2021-10-19,481254,0,22820,288553,Current,Current,good,low,1647,1.66782
258,60,100722,East,Savings,Mortgage,2019-01-10,76347,50,44919,408887,Delinquent,30-60,good,medium,2660,0.186719
259,47,97185,North,"Credit Card","Personal Loan",2019-10-18,424479,120,5817,64814,Charged-off,90+,bad,High,2379,6.54919
260,60,196701,West,"Credit Card","Personal Loan",2021-07-04,94609,50,32250,337737,Delinquent,30-60,good,medium,1754,0.280126
261,56,112725,North,Loan,Mortgage,2023-05-05,360288,10,5807,76738,Delinquent,0-30,good,low,1084,4.69504
262,59,75758,East,Loan,"Auto Loan",2021-02-24,63417,70,7643,189965,Charged-off,60-90,bad,High,1884,0.333835
263,22,74418,West,Loan,"Personal Loan",2021-08-06,314498,0,40459,245960,Current,Current,good,low,1721,1.27866
264,61,116143,South,Loan,"Credit Card",2018-11-18,453039,35,30759,91254,Delinquent,30-60,good,medium,2713,4.96459
265,38,130899,South,Savings,"Personal Loan",2019-07-25,375082,0,14430,389274,Current,Current,good,low,2464,0.963542
266,43,172226,South,"Credit Card","Personal Loan",2018-02-02,743858,0,30166,89985,Current,Current,good,low,3002,8.26647
267,46,179413,West,Savings,"Credit Card",2020-04-23,536693,0,5281,305287,Current,Current,good,low,2191,1.75799
268,31,76630,South,"Credit Card","Personal Loan",2023-12-11,438216,0,28968,364286,Current,Current,good,low,864,1.20294
269,21,36889,West,"Credit Card","Personal Loan",2017-10-30,50894,0,5815,365258,Current,Current,good,low,3097,0.139337
270,56,143658,West,Loan,Mortgage,2021-10-13,685599,35,32150,251576,Delinquent,30-60,good,medium,1653,2.72522
271,40,199381,West,Current,"Auto Loan",2017-08-08,611203,70,3297,76711,Charged-off,60-90,bad,High,3180,7.96761
272,51,141997,South,"Credit Card","Credit Card",2023-08-13,520819,10,46295,101283,Delinquent,0-30,good,low,984,5.14222
273,28,25826,East,Savings,"Credit Card",2017-02-20,394213,20,4221,453894,Delinquent,0-30,good,low,3349,0.868513
274,60,145721,West,"Credit Card","Auto Loan",2021-05-20,513935,95,18728,30952,Charged-off,90+,bad,High,1799,16.6043
275,44,120234,North,"Credit Card","Credit Card",2020-05-21,33134,20,23293,256807,Delinquent,0-30,good,low,2163,0.129023
276,40,42602,East,Current,"Personal Loan",2023-10-25,207170,50,4752,353178,Delinquent,30-60,good,medium,911,0.586588
277,35,48060,West,Current,Mortgage,2018-08-14,297407,0,3103,464538,Current,Current,good,low,2809,0.640221
278,50,55593,South,Loan,"Personal Loan",2023-07-02,516649,0,2850,388577,Current,Current,good,low,1026,1.32959
279,40,107790,West,Loan,Mortgage,2023-03-15,477372,0,27426,206811,Current,Current,good,low,1135,2.30825
280,58,128752,East,"Credit Card","Auto Loan",2023-06-05,552312,70,38985,253583,Charged-off,60-90,bad,High,1053,2.17803
281,22,73010,South,Current,"Auto Loan",2019-03-03,390835,20,42894,388314,Delinquent,0-30,good,low,2608,1.00649
282,26,167375,North,Current,"Credit Card",2018-05-22,235662,20,14033,240753,Delinquent,0-30,good,low,2893,0.978854
283,62,37938,South,"Credit Card","Auto Loan",2022-08-04,730373,70,13911,241002,Charged-off,60-90,bad,High,1358,3.03057
284,38,145461,South,Savings,Mortgage,2023-09-06,484674,70,11299,257768,Charged-off,60-90,bad,High,960,1.88027
285,56,68625,East,Current,"Personal Loan",2020-05-09,33091,35,47096,191042,Delinquent,30-60,good,medium,2175,0.173213
286,34,108584,South,Current,"Credit Card",2019-03-26,211647,120,32534,80035,Charged-off,90+,bad,High,2585,2.64443
287,46,72124,North,Current,"Auto Loan",2024-12-18,198424,95,34214,63353,Charged-off,90+,bad,High,491,3.13204
288,54,143609,West,"Credit Card","Personal Loan",2021-02-17,704453,0,7581,126742,Current,Current,good,low,1891,5.55817
289,50,131807,East,Loan,"Personal Loan",2018-06-18,42294,0,38669,497777,Current,Current,good,low,2866,0.0849658
290,27,183635,East,Current,"Credit Card",2019-03-25,587013,0,32622,151652,Current,Current,good,low,2586,3.87079
291,50,172945,North,Savings,"Auto Loan",2020-10-02,400772,50,5340,486090,Delinquent,30-60,good,medium,2029,0.824481
292,38,166567,North,Current,"Personal Loan",2022-03-25,407555,0,16741,192950,Current,Current,good,low,1490,2.11223
293,42,196012,North,Current,"Personal Loan",2019-08-29,604043,0,3465,86662,Current,Current,good,low,2429,6.9701
294,37,83424,North,"Credit Card","Personal Loan",2025-02-28,373838,0,14079,216889,Current,Current,good,low,419,1.72364
295,51,56295,West,Savings,"Credit Card",2017-02-19,59717,20,35075,78825,Delinquent,0-30,good,low,3350,0.75759
296,37,56276,East,Current,Mortgage,2017-02-21,308720,10,48533,262974,Delinquent,0-30,good,low,3348,1.17396
297,51,175602,North,Current,"Credit Card",2017-01-17,731064,120,43260,150904,Charged-off,90+,bad,High,3383,4.84456
298,33,96168,North,"Credit Card",Mortgage,2017-10-30,308559,0,31767,237308,Current,Current,good,low,3097,1.30025
299,47,176808,North,Savings,"Auto Loan",2021-06-14,578469,0,22382,466265,Current,Current,good,low,1774,1.24064
300,40,49978,North,"Credit Card","Auto Loan",2022-10-23,678509,35,23297,101113,Delinquent,30-60,good,medium,1278,6.7104
301,37,78565,South,"Credit Card",Mortgage,2017-12-06,17555,0,11759,488026,Current,Current,good,low,3060,0.0359714
302,49,67059,West,Current,Mortgage,2023-10-12,682792,50,22465,370446,Delinquent,30-60,good,medium,924,1.84316
303,59,181953,South,Savings,"Credit Card",2018-03-04,233335,0,25946,122253,Current,Current,good,low,2972,1.90862
304,55,120079,North,"Credit Card","Personal Loan",2021-06-27,425077,0,5082,393054,Current,Current,good,low,1761,1.08147
305,28,98356,South,Loan,"Auto Loan",2022-01-16,676894,95,25685,245722,Charged-off,90+,bad,High,1558,2.75471
306,63,153596,East,"Credit Card","Credit Card",2018-05-15,284224,0,28236,66960,Current,Current,good,low,2900,4.24468
307,58,130529,North,Savings,"Auto Loan",2024-03-30,283247,0,35059,394943,Current,Current,good,low,754,0.717184
308,35,184215,South,"Credit Card",Mortgage,2022-01-25,319195,10,49781,389206,Delinquent,0-30,good,low,1549,0.820118
309,21,197207,North,Savings,Mortgage,2020-02-25,754931,0,42863,224348,Current,Current,good,low,2249,3.365
310,53,157475,East,Savings,"Credit Card",2024-07-11,100852,0,18706,495920,Current,Current,good,low,651,0.203363
311,23,151641,South,"Credit Card",Mortgage,2021-04-27,505230,0,4121,194361,Current,Current,good,low,1822,2.59944
312,59,50567,North,"Credit Card","Credit Card",2025-03-14,541240,10,39584,200587,Delinquent,0-30,good,low,405,2.69828
313,58,193042,East,Loan,"Credit Card",2025-02-02,369026,0,23190,319412,Current,Current,good,low,445,1.15533
314,35,31416,North,"Credit Card","Personal Loan",2020-12-16,255963,0,17135,254490,Current,Current,good,low,1954,1.00579
315,62,97943,West,"Credit Card","Personal Loan",2020-08-15,344575,0,14786,112547,Current,Current,good,low,2077,3.06161
316,38,157696,West,Current,"Personal Loan",2017-05-09,185742,0,6447,310917,Current,Current,good,low,3271,0.597401
317,58,150802,East,Loan,Mortgage,2021-06-18,389997,0,39560,143314,Current,Current,good,low,1770,2.72128
318,51,186956,North,Savings,"Auto Loan",2019-03-19,296911,50,47551,467612,Delinquent,30-60,good,medium,2592,0.634952
319,40,124967,North,"Credit Card","Auto Loan",2023-12-04,369801,20,46050,272453,Delinquent,0-30,good,low,871,1.3573
320,27,81651,South,"Credit Card","Personal Loan",2019-12-16,667097,0,33082,374461,Current,Current,good,low,2320,1.78149
321,57,105140,North,Loan,"Personal Loan",2024-03-22,612471,10,1946,220352,Delinquent,0-30,good,low,762,2.77951
322,47,190806,West,Current,"Auto Loan",2019-05-10,381725,20,34892,452406,Delinquent,0-30,good,low,2540,0.843766
323,28,65669,West,Current,Mortgage,2017-03-07,523173,50,21113,275493,Delinquent,30-60,good,medium,3334,1.89904
324,34,187736,East,"Credit Card","Personal Loan",2018-05-07,749689,120,14726,56045,Charged-off,90+,bad,High,2908,13.3766
325,35,108821,East,Loan,Mortgage,2022-07-05,789698,120,7381,378632,Charged-off,90+,bad,High,1388,2.08566
326,27,137702,East,Current,Mortgage,2020-07-28,757943,0,36881,289605,Current,Current,good,low,2095,2.61716
327,53,154055,South,Current,Mortgage,2020-10-20,216371,50,44816,161734,Delinquent,30-60,good,medium,2011,1.33782
328,54,122952,North,Savings,"Auto Loan",2021-09-05,469230,0,12088,30947,Current,Current,good,low,1691,15.1624
329,24,52013,South,Current,"Auto Loan",2019-10-07,471388,0,9303,217384,Current,Current,good,low,2390,2.16846
330,21,194971,West,"Credit Card",Mortgage,2017-03-02,557707,35,20187,241192,Delinquent,30-60,good,medium,3339,2.31229
331,61,131115,East,Savings,"Credit Card",2024-12-13,536286,0,31244,291851,Current,Current,good,low,496,1.83753
332,34,163802,South,"Credit Card","Auto Loan",2021-10-04,777167,50,42300,181422,Delinquent,30-60,good,medium,1662,4.28375
333,51,157750,West,Loan,"Credit Card",2020-03-22,60123,50,26549,130014,Delinquent,30-60,good,medium,2223,0.462435
334,58,114390,North,Savings,Mortgage,2024-03-07,446721,35,45289,408588,Delinquent,30-60,good,medium,777,1.09333
335,40,56059,East,Loan,"Auto Loan",2022-06-06,687924,0,12337,39701,Current,Current,good,low,1417,17.3276
336,23,51208,East,"Credit Card",Mortgage,2024-10-28,98496,0,5924,412878,Current,Current,good,low,542,0.23856
337,55,120014,North,"Credit Card","Auto Loan",2017-03-25,712895,35,3860,241677,Delinquent,30-60,good,medium,3316,2.94978
338,53,153073,North,Current,"Personal Loan",2023-08-28,380199,95,12248,212865,Charged-off,90+,bad,High,969,1.7861
339,35,172074,North,Savings,"Personal Loan",2025-02-27,84818,35,3008,489594,Delinquent,30-60,good,medium,420,0.173241
340,23,99977,East,Current,"Credit Card",2021-11-17,798043,0,45738,140914,Current,Current,good,low,1618,5.66333
341,48,108992,South,"Credit Card",Mortgage,2019-07-01,292194,0,30249,187618,Current,Current,good,low,2488,1.55739
342,47,105859,South,"Credit Card","Credit Card",2021-12-22,507828,0,9437,429722,Current,Current,good,low,1583,1.18176
343,53,178338,West,"Credit Card",Mortgage,2023-05-19,439246,0,2189,107833,Current,Current,good,low,1070,4.07339
344,39,151330,West,"Credit Card",Mortgage,2017-02-25,92442,120,42770,104864,Charged-off,90+,bad,High,3344,0.881542
345,53,93878,West,Current,Mortgage,2021-04-10,402356,70,6083,46978,Charged-off,60-90,bad,High,1839,8.56478
346,51,107179,West,Current,"Personal Loan",2024-07-16,464685,0,20407,180965,Current,Current,good,low,646,2.56782
347,24,49163,North,"Credit Card","Credit Card",2020-03-23,481845,35,6675,292032,Delinquent,30-60,good,medium,2222,1.64997
348,52,107027,East,Savings,"Personal Loan",2024-08-09,514314,10,34690,99912,Delinquent,0-30,good,low,622,5.14767
349,62,155968,East,Savings,"Personal Loan",2017-05-01,404636,20,41086,76445,Delinquent,0-30,good,low,3279,5.29317
350,48,58407,East,Loan,"Personal Loan",2018-06-15,260466,10,34315,200763,Delinquent,0-30,good,low,2869,1.29738
351,36,199521,South,"Credit Card","Personal Loan",2018-01-23,184026,120,14341,272212,Charged-off,90+,bad,High,3012,0.676039
352,63,97738,South,Savings,"Personal Loan",2024-09-06,233914,0,6517,180103,Current,Current,good,low,594,1.29878
353,48,135043,West,Savings,Mortgage,2024-12-15,721163,0,5464,205011,Current,Current,good,low,494,3.51768
354,35,36380,East,Current,"Personal Loan",2023-04-22,394717,70,26023,63915,Charged-off,60-90,bad,High,1097,6.17566
355,42,166848,West,Current,Mortgage,2017-04-14,472111,0,33033,49184,Current,Current,good,low,3296,9.59887
356,51,53677,East,Current,"Auto Loan",2024-07-10,68595,35,20929,438524,Delinquent,30-60,good,medium,652,0.156422
357,41,191495,East,"Credit Card","Auto Loan",2019-06-11,153327,0,2298,189305,Current,Current,good,low,2508,0.809947
358,52,42993,South,"Credit Card","Auto Loan",2022-07-12,696454,50,25311,76854,Delinquent,30-60,good,medium,1381,9.06204
359,27,63242,South,"Credit Card","Auto Loan",2017-02-05,308753,20,37939,111122,Delinquent,0-30,good,low,3364,2.7785
360,53,96346,East,"Credit Card",Mortgage,2023-08-20,564826,0,30764,459766,Current,Current,good,low,977,1.22851
361,28,141678,South,"Credit Card","Credit Card",2024-07-10,38598,0,49955,450736,Current,Current,good,low,652,0.0856333
362,34,161694,East,"Credit Card","Credit Card",2017-05-25,328821,0,8716,229686,Current,Current,good,low,3255,1.43161
363,45,29021,South,"Credit Card","Personal Loan",2021-07-21,272762,50,25969,295544,Delinquent,30-60,good,medium,1737,0.922915
364,52,48259,East,Current,"Credit Card",2020-04-23,265354,0,37641,378055,Current,Current,good,low,2191,0.701893
365,48,35349,South,Current,"Credit Card",2018-02-17,259201,0,43152,260032,Current,Current,good,low,2987,0.996804
366,22,192591,South,Loan,"Personal Loan",2024-01-29,783438,0,45673,170324,Current,Current,good,low,815,4.59969
367,37,58667,North,Current,"Credit Card",2022-03-01,422194,70,44336,264530,Charged-off,60-90,bad,High,1514,1.59602
368,47,144142,East,Current,"Personal Loan",2018-02-08,181751,10,33775,94169,Delinquent,0-30,good,low,2996,1.93005
369,22,101558,West,"Credit Card",Mortgage,2019-04-24,534949,0,35325,205779,Current,Current,good,low,2556,2.59963
370,28,80084,East,Savings,"Personal Loan",2020-09-16,497270,10,20768,373749,Delinquent,0-30,good,low,2045,1.33049
371,58,99948,North,Loan,Mortgage,2018-08-21,404441,0,47733,399865,Current,Current,good,low,2802,1.01144
372,40,54021,South,"Credit Card","Auto Loan",2023-06-24,482316,0,42384,164748,Current,Current,good,low,1034,2.9276
373,57,45974,North,Savings,"Credit Card",2022-02-18,369071,70,1763,227012,Charged-off,60-90,bad,High,1525,1.62578
374,41,141075,North,Loan,"Auto Loan",2024-10-14,621915,20,8581,58508,Delinquent,0-30,good,low,556,10.6296
375,46,182614,East,"Credit Card",Mortgage,2018-04-21,540468,0,28366,104093,Current,Current,good,low,2924,5.19216
376,51,195782,North,"Credit Card","Auto Loan",2018-01-19,546332,10,12077,335372,Delinquent,0-30,good,low,3016,1.62903
377,40,86659,South,Current,"Credit Card",2019-09-01,692526,0,45098,254168,Current,Current,good,low,2426,2.72468
378,26,104982,West,Savings,Mortgage,2022-07-23,243018,0,34156,427124,Current,Current,good,low,1370,0.568964
379,35,143846,East,"Credit Card","Auto Loan",2022-01-09,682558,0,19107,369017,Current,Current,good,low,1565,1.84967
380,21,156242,North,Savings,Mortgage,2023-10-20,765439,35,34204,377682,Delinquent,30-60,good,medium,916,2.02668
381,46,75809,South,"Credit Card","Auto Loan",2018-06-07,297142,10,20894,390913,Delinquent,0-30,good,low,2877,0.760123
382,49,161625,North,Current,Mortgage,2020-12-07,311950,0,26407,105672,Current,Current,good,low,1963,2.95206
383,22,117183,West,Savings,Mortgage,2017-02-20,207552,0,46108,469593,Current,Current,good,low,3349,0.441983
384,42,185137,West,Current,"Auto Loan",2019-05-08,442368,50,7179,173225,Delinquent,30-60,good,medium,2542,2.55372
385,49,79685,South,Savings,Mortgage,2023-02-13,321249,0,41125,317502,Current,Current,good,low,1165,1.0118
386,29,84385,North,"Credit Card","Credit Card",2018-02-21,125336,0,37958,241388,Current,Current,good,low,2983,0.51923
387,61,32638,East,Loan,"Auto Loan",2019-05-01,746402,0,2313,119042,Current,Current,good,low,2549,6.27007
388,41,80718,East,Current,"Credit Card",2020-05-10,242439,95,24563,409912,Charged-off,90+,bad,High,2174,0.591442
389,52,29436,South,Current,"Personal Loan",2017-02-14,499043,0,35468,345399,Current,Current,good,low,3355,1.44483
390,52,180648,East,Loan,"Auto Loan",2020-02-23,163393,10,16372,281372,Delinquent,0-30,good,low,2251,0.580701
391,64,146831,South,Loan,"Auto Loan",2018-08-30,629722,0,5081,274180,Current,Current,good,low,2793,2.29675
392,60,88049,North,Current,"Personal Loan",2021-02-03,521334,0,35081,415589,Current,Current,good,low,1905,1.25445
393,46,97862,East,Savings,"Personal Loan",2021-12-26,784067,120,32152,266835,Charged-off,90+,bad,High,1579,2.9384
394,33,75397,South,"Credit Card","Auto Loan",2019-07-30,498887,50,7238,328114,Delinquent,30-60,good,medium,2459,1.52047
395,23,98338,East,Savings,"Personal Loan",2019-07-15,209917,0,17555,462145,Current,Current,good,low,2474,0.454223
396,52,78144,North,"Credit Card","Auto Loan",2023-03-30,278001,50,11303,445987,Delinquent,30-60,good,medium,1120,0.623339
397,53,26688,South,Current,"Auto Loan",2024-08-17,149476,10,45805,378974,Delinquent,0-30,good,low,614,0.394423
398,53,64359,East,Loan,"Personal Loan",2019-10-10,609777,0,9302,305298,Current,Current,good,low,2387,1.99732
399,62,98971,North,Current,"Credit Card",2018-12-06,399173,70,5457,86151,Charged-off,60-90,bad,High,2695,4.63341
400,62,97472,West,Loan,Mortgage,2018-02-09,676444,70,26408,37874,Charged-off,60-90,bad,High,2995,17.8604
401,33,198666,West,Current,Mortgage,2025-01-30,341158,70,33205,252584,Charged-off,60-90,bad,High,448,1.35067
402,63,139481,East,Loan,"Auto Loan",2021-12-19,108977,120,41292,220896,Charged-off,90+,bad,High,1586,0.493341
403,26,187786,North,"Credit Card","Personal Loan",2019-05-01,628673,50,44575,480853,Delinquent,30-60,good,medium,2549,1.30741
404,24,158282,West,Loan,"Personal Loan",2017-04-12,678690,20,13973,163663,Delinquent,0-30,good,low,3298,4.14687
405,58,84563,West,Savings,Mortgage,2018-02-16,310406,0,17390,240596,Current,Current,good,low,2988,1.29015
406,26,56312,West,"Credit Card",Mortgage,2017-01-05,377195,35,20674,259171,Delinquent,30-60,good,medium,3395,1.45539
407,23,110576,East,Savings,"Auto Loan",2021-02-23,473831,0,13457,220029,Current,Current,good,low,1885,2.15349
408,47,116494,West,Loan,"Auto Loan",2019-11-20,310890,20,40346,90256,Delinquent,0-30,good,low,2346,3.44454
409,60,25779,West,Savings,"Credit Card",2017-06-10,186468,120,41777,479851,Charged-off,90+,bad,High,3239,0.388596
410,40,168895,East,Current,"Auto Loan",2017-04-18,317135,50,41426,488655,Delinquent,30-60,good,medium,3292,0.648996
411,38,73149,West,Savings,"Personal Loan",2021-02-03,571059,20,1950,443050,Delinquent,0-30,good,low,1905,1.28893
412,40,157229,South,Current,"Credit Card",2023-03-15,143271,0,37689,52636,Current,Current,good,low,1135,2.72192
413,50,127980,West,Current,Mortgage,2021-04-09,470142,35,33954,457711,Delinquent,30-60,good,medium,1840,1.02716
414,30,94436,North,Current,"Credit Card",2018-07-06,147926,35,47290,244270,Delinquent,30-60,good,medium,2848,0.605584
415,43,115168,West,Loan,"Auto Loan",2022-06-09,74042,10,3980,220986,Delinquent,0-30,good,low,1414,0.335053
416,23,159322,West,Loan,"Personal Loan",2023-08-04,494318,10,6276,464862,Delinquent,0-30,good,low,993,1.06336
417,29,98167,South,Current,"Credit Card",2020-08-13,359311,0,9965,317204,Current,Current,good,low,2079,1.13274
418,39,186916,East,Loan,"Auto Loan",2020-10-26,498551,120,7002,265698,Charged-off,90+,bad,High,2005,1.87638
419,56,132346,North,"Credit Card","Personal Loan",2019-09-12,78525,0,36402,341088,Current,Current,good,low,2415,0.230219
420,60,34367,East,"Credit Card","Credit Card",2023-04-21,37876,0,24398,454483,Current,Current,good,low,1098,0.0833386
421,47,40976,South,"Credit Card",Mortgage,2023-08-20,699311,0,41262,402215,Current,Current,good,low,977,1.73865
422,62,197554,North,Loan,"Auto Loan",2023-12-21,735467,20,23010,300683,Delinquent,0-30,good,low,854,2.44599
423,48,147328,South,Current,"Auto Loan",2017-02-02,28534,0,1898,221779,Current,Current,good,low,3367,0.12866
424,63,155326,West,"Credit Card",Mortgage,2021-03-29,507651,0,26845,428599,Current,Current,good,low,1851,1.18444
425,28,98727,West,Current,"Personal Loan",2020-09-03,320403,10,29640,402012,Delinquent,0-30,good,low,2058,0.796999
426,62,126749,East,"Credit Card",Mortgage,2017-07-09,373242,35,32326,241753,Delinquent,30-60,good,medium,3210,1.5439
427,28,114761,South,Savings,Mortgage,2024-08-09,382067,0,21240,436446,Current,Current,good,low,622,0.875405
428,38,139744,East,Current,"Auto Loan",2017-04-07,208047,20,31884,260018,Delinquent,0-30,good,low,3303,0.800125
429,41,64667,North,Current,"Auto Loan",2025-03-09,170130,10,8375,159747,Delinquent,0-30,good,low,410,1.065
430,33,192663,North,"Credit Card","Credit Card",2022-08-21,735346,50,24358,104481,Delinquent,30-60,good,medium,1341,7.03808
431,47,108586,West,Current,"Auto Loan",2023-04-04,103722,0,27359,152460,Current,Current,good,low,1115,0.680323
432,60,135413,North,Savings,"Personal Loan",2023-05-28,333162,50,14418,273952,Delinquent,30-60,good,medium,1061,1.21613
433,36,41888,South,Current,Mortgage,2024-05-16,741514,20,2728,275304,Delinquent,0-30,good,low,707,2.69344
434,60,177504,West,Current,"Credit Card",2020-05-13,649004,0,16506,212117,Current,Current,good,low,2171,3.05965
435,29,190168,South,"Credit Card","Credit Card",2018-04-26,455198,0,30638,378834,Current,Current,good,low,2919,1.20158
436,47,55361,West,Current,"Personal Loan",2024-07-01,116732,35,34395,40919,Delinquent,30-60,good,medium,661,2.85276
437,37,58451,South,Loan,Mortgage,2024-11-21,765832,0,44284,458598,Current,Current,good,low,518,1.66994
438,23,113228,North,Savings,"Auto Loan",2022-04-16,611158,70,32706,328900,Charged-off,60-90,bad,High,1468,1.85819
439,24,75499,East,Loan,"Personal Loan",2019-01-16,132619,35,48244,395724,Delinquent,30-60,good,medium,2654,0.33513
440,60,131426,West,Savings,"Auto Loan",2019-04-22,260038,35,31047,91617,Delinquent,30-60,good,medium,2558,2.83832
441,21,111963,North,Loan,"Credit Card",2020-01-08,672826,35,7141,73969,Delinquent,30-60,good,medium,2297,9.09605
442,34,128986,East,Savings,"Auto Loan",2024-02-14,110287,95,30935,225910,Charged-off,90+,bad,High,799,0.48819
443,28,92181,South,Loan,Mortgage,2018-11-10,20093,0,49896,105596,Current,Current,good,low,2721,0.190282
444,27,175325,North,Current,"Credit Card",2021-02-06,263324,20,39108,283952,Delinquent,0-30,good,low,1902,0.927354
445,50,187676,North,Current,"Personal Loan",2017-03-12,765216,50,27241,238635,Delinquent,30-60,good,medium,3329,3.20664
446,45,183520,North,Current,"Auto Loan",2017-12-23,524046,0,47699,205204,Current,Current,good,low,3043,2.55378
447,59,136662,West,Savings,"Credit Card",2018-02-28,730435,10,24602,234133,Delinquent,0-30,good,low,2976,3.11974
448,36,156747,North,Savings,"Personal Loan",2018-07-25,287870,0,20878,45519,Current,Current,good,low,2829,6.32417
449,31,117620,North,Current,"Credit Card",2019-11-16,202838,10,47972,186490,Delinquent,0-30,good,low,2350,1.08766
450,45,89219,North,Savings,"Personal Loan",2017-06-15,762526,0,5151,90881,Current,Current,good,low,3234,8.39038
451,53,189041,West,Loan,Mortgage,2017-12-08,302051,70,41550,76370,Charged-off,60-90,bad,High,3058,3.9551
452,41,160544,West,"Credit Card","Credit Card",2022-10-26,459363,0,33381,362782,Current,Current,good,low,1275,1.26622
453,30,29556,South,"Credit Card","Auto Loan",2018-03-03,657235,10,18241,140121,Delinquent,0-30,good,low,2973,4.69048
454,29,114922,South,Savings,"Credit Card",2022-04-02,50356,10,27522,127772,Delinquent,0-30,good,low,1482,0.394108
455,21,37597,South,Savings,"Credit Card",2017-06-26,638962,70,17235,343373,Charged-off,60-90,bad,High,3223,1.86084
456,54,53241,North,Savings,"Credit Card",2024-09-15,717527,35,34909,499331,Delinquent,30-60,good,medium,585,1.43698
457,51,145042,South,Savings,"Credit Card",2019-01-28,279607,20,36961,372975,Delinquent,0-30,good,low,2642,0.749667
458,41,40985,West,Loan,Mortgage,2020-01-08,311191,0,18012,342901,Current,Current,good,low,2297,0.907524
459,44,105109,East,Savings,Mortgage,2017-12-18,669663,0,37592,313186,Current,Current,good,low,3048,2.13823
460,39,195810,South,Current,"Credit Card",2022-01-23,86967,0,26291,40559,Current,Current,good,low,1551,2.14421
461,41,87461,East,Savings,"Personal Loan",2021-09-07,700474,50,37674,490325,Delinquent,30-60,good,medium,1689,1.42859
462,45,140347,East,Current,"Credit Card",2019-03-15,572806,0,9967,259943,Current,Current,good,low,2596,2.20358
463,40,103988,South,Loan,"Personal Loan",2023-03-23,579494,50,17126,138949,Delinquent,30-60,good,medium,1127,4.17055
464,46,123305,South,Savings,"Auto Loan",2022-07-31,647997,70,14152,334843,Charged-off,60-90,bad,High,1362,1.93523
465,27,99236,East,Loan,Mortgage,2018-01-06,69131,10,15835,208217,Delinquent,0-30,good,low,3029,0.332014
466,23,44638,East,Current,"Personal Loan",2024-12-12,359835,95,39921,215996,Charged-off,90+,bad,High,497,1.66593
467,60,126958,East,Savings,"Auto Loan",2024-12-27,703345,20,45424,37099,Delinquent,0-30,good,low,482,18.9586
468,28,139170,East,Loan,"Auto Loan",2023-07-29,494424,120,25662,82757,Charged-off,90+,bad,High,999,5.97441
469,50,70697,North,Loan,"Auto Loan",2021-12-21,354861,50,29844,152045,Delinquent,30-60,good,medium,1584,2.33392
470,31,80508,North,Savings,"Auto Loan",2017-03-25,755194,0,18466,375127,Current,Current,good,low,3316,2.01317
471,28,164491,West,Savings,"Personal Loan",2024-12-18,327538,0,8928,294008,Current,Current,good,low,491,1.11404
472,57,38375,West,"Credit Card","Personal Loan",2017-08-26,791096,95,27620,190171,Charged-off,90+,bad,High,3162,4.15992
473,37,117917,North,Loan,"Personal Loan",2024-08-06,77566,20,30135,229952,Delinquent,0-30,good,low,625,0.337314
474,28,179474,East,Loan,"Personal Loan",2023-02-12,592200,0,8037,282457,Current,Current,good,low,1166,2.0966
475,64,127664,West,Loan,"Credit Card",2017-09-19,255575,50,49389,208029,Delinquent,30-60,good,medium,3138,1.22855
476,50,122775,East,Savings,"Personal Loan",2023-07-17,204866,70,41933,293196,Charged-off,60-90,bad,High,1011,0.698734
477,63,192386,North,Loan,Mortgage,2022-12-08,377723,0,22492,176177,Current,Current,good,low,1232,2.144
478,63,77824,South,Loan,"Personal Loan",2023-06-24,473570,0,39975,499032,Current,Current,good,low,1034,0.948977
479,36,144578,South,Current,Mortgage,2021-03-02,306098,35,34535,166703,Delinquent,30-60,good,medium,1878,1.83619
480,24,156034,South,Savings,"Credit Card",2023-11-11,395399,50,41550,268636,Delinquent,30-60,good,medium,894,1.47188
481,41,55852,West,"Credit Card",Mortgage,2025-01-16,180246,0,41697,182097,Current,Current,good,low,462,0.989835
482,54,178495,West,"Credit Card",Mortgage,2018-02-12,239639,35,48034,59325,Delinquent,30-60,good,medium,2992,4.03943
483,60,47657,West,"Credit Card","Credit Card",2019-06-03,64485,0,16975,387683,Current,Current,good,low,2516,0.166334
484,55,35714,North,Loan,"Personal Loan",2024-03-09,168731,95,6232,384297,Charged-off,90+,bad,High,775,0.439064
485,33,82682,East,Savings,"Credit Card",2024-06-11,266582,50,15370,212981,Delinquent,30-60,good,medium,681,1.25167
486,63,81174,South,"Credit Card","Personal Loan",2024-10-14,776487,0,34557,198852,Current,Current,good,low,556,3.90485
487,47,73852,West,Current,Mortgage,2021-07-03,708567,0,13212,154521,Current,Current,good,low,1755,4.58557
488,28,183214,East,"Credit Card","Personal Loan",2023-02-17,280922,0,37025,337352,Current,Current,good,low,1161,0.832727
489,61,64181,South,Loan,"Personal Loan",2023-08-20,577008,70,47094,108442,Charged-off,60-90,bad,High,977,5.32089
490,62,177436,North,"Credit Card","Personal Loan",2023-02-13,265426,95,12813,262730,Charged-off,90+,bad,High,1165,1.01026
491,49,154996,East,Loan,Mortgage,2018-05-17,673787,20,4291,472742,Delinquent,0-30,good,low,2898,1.42527
492,36,167981,South,Current,Mortgage,2025-01-22,743737,10,40625,401852,Delinquent,0-30,good,low,456,1.85077
493,63,167414,South,Current,"Personal Loan",2023-03-23,660393,70,23786,281720,Charged-off,60-90,bad,High,1127,2.34415
494,25,63495,West,Loan,"Auto Loan",2022-07-22,615661,20,46856,166906,Delinquent,0-30,good,low,1371,3.68867
495,57,78472,East,Savings,"Auto Loan",2023-10-17,786130,0,10516,376358,Current,Current,good,low,919,2.08878
496,60,94151,East,Savings,"Personal Loan",2021-10-16,766434,20,44466,206235,Delinquent,0-30,good,low,1650,3.71631
497,60,75931,East,Loan,"Credit Card",2024-05-08,267907,0,33283,261747,Current,Current,good,low,715,1.02353
498,62,91827,East,"Credit Card","Credit Card",2020-10-19,346897,35,12945,248733,Delinquent,30-60,good,medium,2012,1.39466
499,30,154149,South,Savings,"Personal Loan",2022-02-22,165838,95,34107,319973,Charged-off,90+,bad,High,1521,0.518287
500,35,50254,North,"Credit Card",Mortgage,2022-11-03,506129,0,22626,200663,Current,Current,good,low,1267,2.52228
501,41,161852,West,Current,"Credit Card",2018-11-04,761222,0,28723,410871,Current,Current,good,low,2727,1.8527
502,54,27552,East,"Credit Card","Credit Card",2022-12-12,460561,20,6487,495129,Delinquent,0-30,good,low,1228,0.930184
503,42,115326,West,Current,"Personal Loan",2021-10-13,85189,35,21520,143339,Delinquent,30-60,good,medium,1653,0.594318
504,42,116097,North,Current,Mortgage,2018-07-28,409030,0,32411,339272,Current,Current,good,low,2826,1.20561
505,29,194256,North,Savings,"Personal Loan",2020-05-23,528347,95,27492,167473,Charged-off,90+,bad,High,2161,3.15482
506,46,87050,South,Savings,"Personal Loan",2022-10-02,188947,0,39487,90208,Current,Current,good,low,1299,2.09457
507,33,98134,South,Loan,Mortgage,2020-07-20,613597,0,16561,435911,Current,Current,good,low,2103,1.40762
508,38,187444,East,Savings,"Auto Loan",2022-12-29,275935,35,3047,202520,Delinquent,30-60,good,medium,1211,1.36251
509,21,62506,North,"Credit Card",Mortgage,2021-08-30,552565,50,34025,415045,Delinquent,30-60,good,medium,1697,1.33134
510,43,32286,East,"Credit Card","Credit Card",2019-07-31,254629,50,30209,46769,Delinquent,30-60,good,medium,2458,5.4444
511,53,162332,South,Current,"Credit Card",2021-03-09,480763,10,5962,136301,Delinquent,0-30,good,low,1871,3.52722
512,51,195400,North,"Credit Card",Mortgage,2023-07-11,525564,120,6844,329199,Charged-off,90+,bad,High,1017,1.59649
513,41,77585,West,Current,"Personal Loan",2022-01-14,799823,20,5983,306753,Delinquent,0-30,good,low,1560,2.60738
514,43,98449,West,"Credit Card","Auto Loan",2024-01-14,586850,10,37910,446877,Delinquent,0-30,good,low,830,1.31322
515,36,77225,North,Current,"Auto Loan",2022-10-22,506232,50,10911,485410,Delinquent,30-60,good,medium,1279,1.0429
516,47,155536,South,Current,"Credit Card",2023-12-25,133140,0,2704,218338,Current,Current,good,low,850,0.609788
517,57,96235,South,Savings,"Credit Card",2024-11-09,592356,0,17802,194878,Current,Current,good,low,530,3.03962
518,58,55054,South,Loan,Mortgage,2018-04-20,785690,70,10353,350362,Charged-off,60-90,bad,High,2925,2.24251
519,34,132868,South,"Credit Card","Credit Card",2020-12-28,145483,50,23401,207459,Delinquent,30-60,good,medium,1942,0.701261
520,57,67998,South,Savings,"Auto Loan",2023-05-30,384292,95,7847,177458,Charged-off,90+,bad,High,1059,2.16554
521,27,186245,West,"Credit Card","Credit Card",2020-03-15,668112,10,49321,63564,Delinquent,0-30,good,low,2230,10.5109
522,32,177174,South,Current,"Personal Loan",2018-05-11,480139,0,29741,46453,Current,Current,good,low,2904,10.336
523,48,53429,North,Current,"Personal Loan",2023-01-29,513854,95,20277,30957,Charged-off,90+,bad,High,1180,16.599
524,23,145769,West,"Credit Card","Personal Loan",2021-01-12,359140,50,37068,474313,Delinquent,30-60,good,medium,1927,0.757179
525,42,183991,North,Loan,"Credit Card",2023-07-23,606095,0,44766,340976,Current,Current,good,low,1005,1.77753
526,41,29683,North,Savings,"Credit Card",2017-09-23,550606,0,8595,268410,Current,Current,good,low,3134,2.05136
527,49,61920,East,Savings,"Credit Card",2020-06-05,382530,70,11039,490223,Charged-off,60-90,bad,High,2148,0.780318
528,40,125072,East,Loan,Mortgage,2022-10-16,59786,70,26533,495665,Charged-off,60-90,bad,High,1285,0.120618
529,23,35021,North,Loan,"Credit Card",2017-12-23,694406,50,8818,446091,Delinquent,30-60,good,medium,3043,1.55665
530,47,97813,South,Loan,"Credit Card",2020-03-24,437281,20,43699,306756,Delinquent,0-30,good,low,2221,1.4255
531,41,35363,West,Current,Mortgage,2017-04-02,321372,0,16454,223628,Current,Current,good,low,3308,1.43708
532,61,179654,North,Savings,Mortgage,2020-04-03,766385,35,19397,485943,Delinquent,30-60,good,medium,2211,1.57711
533,53,90644,West,Loan,"Personal Loan",2017-01-12,79404,0,37702,21980,Current,Current,good,low,3388,3.61256
534,50,103568,East,Loan,"Auto Loan",2021-03-19,123383,20,41651,118492,Delinquent,0-30,good,low,1861,1.04128
535,59,161031,West,Current,"Personal Loan",2019-09-27,788019,0,41986,22256,Current,Current,good,low,2400,35.407
536,61,192968,East,Loan,"Auto Loan",2020-03-13,479189,10,2564,110826,Delinquent,0-30,good,low,2232,4.3238
537,29,146421,East,"Credit Card","Auto Loan",2020-10-04,15386,35,37623,58611,Delinquent,30-60,good,medium,2027,0.26251
538,58,86579,East,Loan,"Personal Loan",2018-05-06,669003,70,39788,151602,Charged-off,60-90,bad,High,2909,4.41289
539,43,162836,South,Current,"Credit Card",2020-03-24,79397,10,7244,171381,Delinquent,0-30,good,low,2221,0.463278
540,43,197168,North,Current,"Personal Loan",2021-04-11,498814,0,47441,277080,Current,Current,good,low,1838,1.80025
541,21,69697,South,"Credit Card","Credit Card",2022-12-27,690733,0,5406,52192,Current,Current,good,low,1213,13.2345
542,41,33522,East,Savings,Mortgage,2022-02-14,280704,95,37103,78460,Charged-off,90+,bad,High,1529,3.57767
543,52,74348,East,Savings,"Auto Loan",2019-10-15,656241,0,9224,403089,Current,Current,good,low,2382,1.62803
544,46,175752,West,Savings,"Credit Card",2022-08-26,383098,0,44466,58595,Current,Current,good,low,1336,6.53807
545,53,57232,North,Loan,"Auto Loan",2017-02-26,665402,35,38441,392977,Delinquent,30-60,good,medium,3343,1.69323
546,29,106315,South,Savings,"Auto Loan",2021-11-12,380622,0,9590,64949,Current,Current,good,low,1623,5.86032
547,37,111775,North,Savings,Mortgage,2022-12-23,656111,35,49071,322931,Delinquent,30-60,good,medium,1217,2.03174
548,26,74992,West,"Credit Card","Credit Card",2022-03-07,107438,50,21471,182944,Delinquent,30-60,good,medium,1508,0.587273
549,27,75329,East,"Credit Card","Personal Loan",2024-07-19,738384,120,2883,283446,Charged-off,90+,bad,High,643,2.60503
550,27,34135,North,Current,Mortgage,2019-10-20,114384,10,32473,417991,Delinquent,0-30,good,low,2377,0.273652
551,57,167710,East,"Credit Card","Credit Card",2021-08-23,151961,0,12310,398248,Current,Current,good,low,1704,0.381574
552,25,177766,North,Current,"Personal Loan",2021-07-01,565680,50,37371,399261,Delinquent,30-60,good,medium,1757,1.41682
553,53,25851,West,Loan,"Credit Card",2018-09-24,206100,50,41358,302054,Delinquent,30-60,good,medium,2768,0.682328
554,30,55427,North,"Credit Card","Auto Loan",2024-04-18,207380,95,28337,421877,Charged-off,90+,bad,High,735,0.491565
555,37,160672,West,Current,Mortgage,2020-01-12,29889,0,3882,131294,Current,Current,good,low,2293,0.227649
556,60,133247,North,Current,Mortgage,2017-09-25,352255,10,27690,361867,Delinquent,0-30,good,low,3132,0.973438
557,48,104232,East,Current,"Personal Loan",2017-05-14,225205,35,38794,97892,Delinquent,30-60,good,medium,3266,2.30055
558,42,136320,North,Current,Mortgage,2018-09-08,688447,120,19682,393783,Charged-off,90+,bad,High,2784,1.74829
559,41,59489,North,Savings,"Credit Card",2019-06-07,34914,50,38901,211912,Delinquent,30-60,good,medium,2512,0.164757
560,52,166037,South,Savings,"Auto Loan",2020-06-27,134963,120,24546,476879,Charged-off,90+,bad,High,2126,0.283013
561,52,74802,West,"Credit Card","Credit Card",2022-03-22,380955,70,47889,242285,Charged-off,60-90,bad,High,1493,1.57234
562,56,55276,East,Current,"Auto Loan",2023-06-06,632103,0,41553,282615,Current,Current,good,low,1052,2.23662
563,51,31477,South,Savings,"Personal Loan",2017-10-20,468999,70,19202,309115,Charged-off,60-90,bad,High,3107,1.51723
564,26,165625,North,Savings,"Personal Loan",2023-02-14,59386,20,41458,392806,Delinquent,0-30,good,low,1164,0.151184
565,41,162044,East,Loan,Mortgage,2021-09-13,771716,0,30823,291761,Current,Current,good,low,1683,2.64503
566,55,42852,North,Savings,Mortgage,2019-11-22,115127,0,39458,183956,Current,Current,good,low,2344,0.62584
567,34,50060,North,Current,Mortgage,2019-06-17,615249,0,21006,338308,Current,Current,good,low,2502,1.81861
568,43,188949,West,"Credit Card","Auto Loan",2024-11-22,291458,0,1807,200976,Current,Current,good,low,517,1.45021
569,62,158424,East,Savings,"Personal Loan",2023-04-14,205346,10,47855,455690,Delinquent,0-30,good,low,1105,0.450627
570,44,78430,North,Savings,"Personal Loan",2020-07-26,234569,95,2170,217460,Charged-off,90+,bad,High,2097,1.07868
571,50,56038,North,Savings,"Credit Card",2017-07-23,185090,35,19727,190117,Delinquent,30-60,good,medium,3196,0.973558
572,30,77676,East,Savings,Mortgage,2020-04-28,159878,10,47005,154421,Delinquent,0-30,good,low,2186,1.03534
573,25,132554,South,Loan,"Auto Loan",2021-04-01,90006,10,45086,171759,Delinquent,0-30,good,low,1848,0.524025
574,62,54066,West,Loan,"Auto Loan",2021-02-27,18560,0,46267,105871,Current,Current,good,low,1881,0.175308
575,50,28715,South,Savings,"Auto Loan",2017-02-06,645136,50,40177,457766,Delinquent,30-60,good,medium,3363,1.40931
576,27,54511,West,Current,Mortgage,2022-10-16,470487,0,12434,233359,Current,Current,good,low,1285,2.01615
577,26,195546,East,Current,"Personal Loan",2022-06-23,191947,50,34969,161856,Delinquent,30-60,good,medium,1400,1.18591
578,28,89612,North,Loan,Mortgage,2017-11-20,299925,0,10768,428167,Current,Current,good,low,3076,0.700486
579,46,190055,South,"Credit Card","Credit Card",2017-07-11,263608,50,26366,209984,Delinquent,30-60,good,medium,3208,1.25537
580,38,124035,West,Loan,Mortgage,2020-06-30,714102,50,45406,132988,Delinquent,30-60,good,medium,2123,5.36967
581,56,107293,East,Current,Mortgage,2021-01-12,787534,0,9637,178208,Current,Current,good,low,1927,4.41918
582,46,85493,West,Savings,Mortgage,2018-04-07,49357,70,18797,221880,Charged-off,60-90,bad,High,2938,0.222449
583,56,187716,East,"Credit Card",Mortgage,2023-08-24,393308,0,8364,459209,Current,Current,good,low,973,0.85649
584,61,113787,South,Savings,"Personal Loan",2018-05-25,128708,70,21105,302502,Charged-off,60-90,bad,High,2890,0.425478
585,24,37133,East,Savings,"Auto Loan",2023-04-26,402013,0,33298,390524,Current,Current,good,low,1093,1.02942
586,33,119060,West,"Credit Card",Mortgage,2021-02-24,518710,120,18753,145791,Charged-off,90+,bad,High,1884,3.5579
587,44,148525,North,Current,"Personal Loan",2021-08-29,562770,10,28993,131005,Delinquent,0-30,good,low,1698,4.29579
588,51,44979,South,Current,Mortgage,2018-07-09,562486,120,38632,459366,Charged-off,90+,bad,High,2845,1.22448
589,42,52137,East,"Credit Card","Credit Card",2024-12-29,171369,0,5444,495547,Current,Current,good,low,480,0.345818
590,60,48847,West,"Credit Card","Personal Loan",2023-03-03,543937,0,44873,262054,Current,Current,good,low,1147,2.07567
591,38,147286,East,"Credit Card","Personal Loan",2024-02-09,687696,10,28288,131589,Delinquent,0-30,good,low,804,5.22609
592,54,84283,East,"Credit Card","Personal Loan",2018-06-30,309216,0,19998,311442,Current,Current,good,low,2854,0.992853
593,43,181350,West,Loan,"Credit Card",2020-09-22,667977,95,1207,86883,Charged-off,90+,bad,High,2039,7.68824
594,59,126103,South,Current,Mortgage,2020-07-08,230160,35,8679,99160,Delinquent,30-60,good,medium,2115,2.3211
595,57,115619,West,Current,"Personal Loan",2025-01-03,164588,50,7356,377010,Delinquent,30-60,good,medium,475,0.436561
596,21,182071,East,Savings,"Auto Loan",2018-11-16,391427,10,1442,468398,Delinquent,0-30,good,low,2715,0.835672
597,62,71877,North,Savings,"Credit Card",2019-03-30,190119,70,19523,67709,Charged-off,60-90,bad,High,2581,2.80788
598,40,35259,South,"Credit Card","Personal Loan",2022-04-21,417574,10,9969,160012,Delinquent,0-30,good,low,1463,2.60964
599,45,170748,South,Current,"Auto Loan",2023-08-17,511718,20,11482,124337,Delinquent,0-30,good,low,980,4.11557
600,26,53741,North,"Credit Card","Auto Loan",2019-09-08,373957,20,29628,325678,Delinquent,0-30,good,low,2419,1.14824
601,50,114480,North,Current,"Credit Card",2019-03-30,390123,0,46084,214942,Current,Current,good,low,2581,1.81502
602,40,152874,South,"Credit Card","Personal Loan",2024-01-21,48743,70,34050,186394,Charged-off,60-90,bad,High,823,0.261505
603,29,194875,North,"Credit Card","Credit Card",2024-01-25,267202,0,3331,106067,Current,Current,good,low,819,2.51918
604,38,25751,East,Savings,"Auto Loan",2018-11-12,367788,35,4001,256715,Delinquent,30-60,good,medium,2719,1.43267
605,60,106469,West,Loan,"Auto Loan",2018-08-07,139408,35,45057,298523,Delinquent,30-60,good,medium,2816,0.466992
606,23,43400,South,Savings,"Credit Card",2017-03-22,9768,0,9182,106434,Current,Current,good,low,3319,0.0917752
607,56,145313,North,Loan,"Auto Loan",2021-04-29,752492,50,48618,475850,Delinquent,30-60,good,medium,1820,1.58136
608,26,104760,South,Loan,Mortgage,2020-02-29,174187,70,47883,288794,Charged-off,60-90,bad,High,2245,0.603153
609,64,127120,South,Savings,"Personal Loan",2022-05-18,269693,0,46631,246687,Current,Current,good,low,1436,1.09326
610,58,170422,North,Current,"Credit Card",2018-08-06,479435,70,41790,206005,Charged-off,60-90,bad,High,2817,2.3273
611,21,187834,South,"Credit Card","Auto Loan",2023-10-13,537333,35,11550,47887,Delinquent,30-60,good,medium,923,11.2209
612,39,75865,North,"Credit Card","Auto Loan",2023-01-17,365378,50,20460,416773,Delinquent,30-60,good,medium,1192,0.876683
613,58,123283,West,Loan,Mortgage,2020-10-26,95819,0,8815,423970,Current,Current,good,low,2005,0.226004
614,48,163519,East,Current,"Credit Card",2022-01-31,575996,0,4796,112424,Current,Current,good,low,1543,5.12343
615,29,39667,West,Savings,"Personal Loan",2022-07-21,358014,50,44450,171756,Delinquent,30-60,good,medium,1372,2.08443
616,30,79666,South,Loan,"Credit Card",2022-07-06,266791,0,28046,259435,Current,Current,good,low,1387,1.02835
617,44,64677,North,Savings,Mortgage,2019-05-22,517523,0,3989,166024,Current,Current,good,low,2528,3.11716
618,46,119056,South,Savings,"Auto Loan",2019-07-11,575173,0,18166,161638,Current,Current,good,low,2478,3.5584
619,28,67761,East,Loan,"Personal Loan",2017-11-26,447257,35,25543,296744,Delinquent,30-60,good,medium,3070,1.50722
620,25,185727,West,Current,"Personal Loan",2023-02-25,777158,70,33379,414670,Charged-off,60-90,bad,High,1153,1.87416
621,33,135666,South,"Credit Card","Personal Loan",2018-02-09,130398,0,1763,106812,Current,Current,good,low,2995,1.22082
622,42,69320,West,Current,Mortgage,2021-12-07,567798,0,40440,162655,Current,Current,good,low,1598,3.49081
623,54,101940,South,Savings,"Personal Loan",2021-01-15,116503,0,3604,305476,Current,Current,good,low,1924,0.381382
624,45,193644,North,"Credit Card","Credit Card",2022-03-07,54522,20,11646,233710,Delinquent,0-30,good,low,1508,0.233289
625,43,59467,East,Savings,"Auto Loan",2019-12-05,41572,20,7414,127414,Delinquent,0-30,good,low,2331,0.326275
626,61,198561,West,"Credit Card","Credit Card",2017-08-24,130524,20,26134,479256,Delinquent,0-30,good,low,3164,0.272347
627,41,41501,East,"Credit Card","Auto Loan",2020-03-23,132752,95,41629,118715,Charged-off,90+,bad,High,2222,1.11824
628,23,169309,South,Savings,"Personal Loan",2022-06-05,363327,0,24270,481877,Current,Current,good,low,1418,0.753983
629,28,47205,North,Savings,"Credit Card",2024-01-20,133956,0,13219,235671,Current,Current,good,low,824,0.568403
630,59,162012,North,Savings,"Personal Loan",2018-10-20,536865,0,21958,486589,Current,Current,good,low,2742,1.10332
631,59,148366,South,Savings,"Personal Loan",2019-11-15,382609,35,23227,429809,Delinquent,30-60,good,medium,2351,0.890184
632,42,87685,North,Current,Mortgage,2019-04-08,689716,10,28500,308506,Delinquent,0-30,good,low,2572,2.23566
633,31,87493,South,Savings,Mortgage,2017-10-11,365654,0,25998,138557,Current,Current,good,low,3116,2.63901
634,43,99963,East,"Credit Card",Mortgage,2023-10-31,667848,120,9070,54511,Charged-off,90+,bad,High,905,12.2516
635,36,75173,South,Loan,"Credit Card",2020-02-16,695128,35,11152,422062,Delinquent,30-60,good,medium,2258,1.64698
636,48,88661,South,Current,"Credit Card",2020-08-16,695111,50,27444,312698,Delinquent,30-60,good,medium,2076,2.22295
637,55,104234,North,Current,"Credit Card",2020-05-27,608282,70,11787,238398,Charged-off,60-90,bad,High,2157,2.55154
638,62,144649,West,Current,Mortgage,2021-11-18,592398,0,48084,346300,Current,Current,good,low,1617,1.71065
639,49,136881,South,Loan,"Auto Loan",2021-08-06,456031,70,44740,48854,Charged-off,60-90,bad,High,1721,9.33457
640,58,71756,West,Loan,"Credit Card",2023-10-27,147719,0,21914,183784,Current,Current,good,low,909,0.803764
641,26,187128,East,Current,Mortgage,2017-09-09,724825,20,40686,322973,Delinquent,0-30,good,low,3148,2.24423
642,34,51795,North,Current,"Credit Card",2021-09-11,196854,20,29081,120880,Delinquent,0-30,good,low,1685,1.62851
643,49,101827,East,Current,"Credit Card",2018-06-28,90831,50,23074,375460,Delinquent,30-60,good,medium,2856,0.241919
644,48,90366,East,"Credit Card","Personal Loan",2021-02-15,641255,70,10504,428292,Charged-off,60-90,bad,High,1893,1.49724
645,30,47156,West,Loan,"Credit Card",2024-07-24,515174,120,18638,296710,Charged-off,90+,bad,High,638,1.73629
646,24,164480,East,"Credit Card","Personal Loan",2020-04-02,364030,50,21635,101272,Delinquent,30-60,good,medium,2212,3.59458
647,44,37138,North,"Credit Card",Mortgage,2018-04-06,683165,0,24827,491296,Current,Current,good,low,2939,1.39054
648,22,101433,East,Savings,"Auto Loan",2020-02-23,5398,70,35589,93447,Charged-off,60-90,bad,High,2251,0.0577654
649,49,121833,West,Savings,"Credit Card",2020-04-02,675700,0,34464,223388,Current,Current,good,low,2212,3.02478
650,45,168428,East,Loan,"Auto Loan",2024-04-02,414654,70,48488,221354,Charged-off,60-90,bad,High,751,1.87326
651,51,166561,South,Loan,"Credit Card",2019-12-01,438890,0,4791,29265,Current,Current,good,low,2335,14.9971
652,35,141399,West,Current,"Auto Loan",2023-09-06,44380,70,44539,23045,Charged-off,60-90,bad,High,960,1.9258
653,58,71865,West,Loan,Mortgage,2023-01-25,305217,0,9870,319226,Current,Current,good,low,1184,0.956116
654,53,116119,South,Savings,Mortgage,2023-06-18,143705,50,12599,352191,Delinquent,30-60,good,medium,1040,0.408031
655,28,80467,South,"Credit Card","Credit Card",2020-07-08,362278,20,19549,450532,Delinquent,0-30,good,low,2115,0.804112
656,60,109516,West,Current,Mortgage,2021-12-31,140401,35,15219,156821,Delinquent,30-60,good,medium,1574,0.895295
657,36,146466,West,Savings,Mortgage,2018-12-22,717075,50,10538,254295,Delinquent,30-60,good,medium,2679,2.81985
658,58,77538,North,Current,"Personal Loan",2023-04-11,486148,10,17135,313444,Delinquent,0-30,good,low,1108,1.55099
659,64,154643,South,"Credit Card","Personal Loan",2018-06-22,388455,0,1110,251322,Current,Current,good,low,2862,1.54565
660,61,105502,North,Loan,"Auto Loan",2018-07-26,781304,70,4404,301788,Charged-off,60-90,bad,High,2828,2.58892
661,54,198814,East,Loan,"Auto Loan",2023-10-06,412392,35,28717,40990,Delinquent,30-60,good,medium,930,10.0608
662,26,70104,North,Current,Mortgage,2020-09-09,552127,120,5109,336953,Charged-off,90+,bad,High,2052,1.63859
663,59,74058,North,Savings,"Credit Card",2023-08-14,623302,0,36403,190556,Current,Current,good,low,983,3.27096
664,60,129152,South,"Credit Card","Credit Card",2017-12-26,623840,0,18560,344062,Current,Current,good,low,3040,1.81316
665,43,106015,South,Current,Mortgage,2025-01-05,794772,0,4960,150630,Current,Current,good,low,473,5.27632
666,41,61589,East,Current,"Auto Loan",2025-02-06,632100,0,2237,137604,Current,Current,good,low,441,4.59362
667,55,61544,East,Loan,Mortgage,2021-01-01,593259,0,10801,109001,Current,Current,good,low,1938,5.44269
668,49,59507,West,Current,"Personal Loan",2024-05-14,707762,35,14381,416528,Delinquent,30-60,good,medium,709,1.69919
669,55,25435,South,Loan,"Credit Card",2022-01-19,9430,0,10749,105591,Current,Current,good,low,1555,0.0893069
670,22,189332,West,"Credit Card","Credit Card",2021-11-28,445220,35,36847,251789,Delinquent,30-60,good,medium,1607,1.76823
671,53,158188,North,Savings,"Auto Loan",2017-03-18,189651,10,32523,491512,Delinquent,0-30,good,low,3323,0.385852
672,46,38422,North,"Credit Card","Credit Card",2017-08-18,311122,10,36110,185008,Delinquent,0-30,good,low,3170,1.68167
673,64,89599,North,Loan,"Auto Loan",2019-12-08,313789,0,11461,47865,Current,Current,good,low,2328,6.55571
674,52,76220,South,Current,"Personal Loan",2017-07-01,141846,50,35673,69200,Delinquent,30-60,good,medium,3218,2.0498
675,38,47935,North,Savings,Mortgage,2019-03-23,456492,50,12075,336765,Delinquent,30-60,good,medium,2588,1.35552
676,54,142331,North,Savings,"Auto Loan",2017-03-06,653769,0,23238,168185,Current,Current,good,low,3335,3.8872
677,50,59127,South,"Credit Card",Mortgage,2024-10-25,129676,70,39685,159918,Charged-off,60-90,bad,High,545,0.810891
678,64,109427,South,Savings,"Credit Card",2023-07-10,32591,120,6706,88800,Charged-off,90+,bad,High,1018,0.367016
679,43,118273,East,Loan,"Personal Loan",2020-12-06,86055,0,10131,278688,Current,Current,good,low,1964,0.308786
680,40,104109,East,Loan,"Credit Card",2023-01-03,286024,50,32732,316183,Delinquent,30-60,good,medium,1206,0.904615
681,43,167659,South,Loan,Mortgage,2021-05-08,345557,120,27231,189423,Charged-off,90+,bad,High,1811,1.82426
682,60,159131,West,Current,"Auto Loan",2018-05-09,365031,0,34616,369229,Current,Current,good,low,2906,0.98863
683,28,148242,East,Savings,"Personal Loan",2021-02-12,47831,120,45365,254078,Charged-off,90+,bad,High,1896,0.188253
684,34,87873,South,Savings,Mortgage,2022-04-28,293768,95,29577,292708,Charged-off,90+,bad,High,1456,1.00362
685,43,161286,South,Savings,"Personal Loan",2019-10-24,18483,50,28147,405769,Delinquent,30-60,good,medium,2373,0.0455505
686,34,74425,North,Loan,"Personal Loan",2022-02-11,323962,20,26626,139689,Delinquent,0-30,good,low,1532,2.31917
687,22,46409,East,Savings,"Auto Loan",2022-11-28,371415,0,26819,79411,Current,Current,good,low,1242,4.67712
688,24,37198,North,Savings,"Credit Card",2024-11-06,411279,35,24646,231376,Delinquent,30-60,good,medium,533,1.77754
689,44,110008,East,Current,"Credit Card",2020-01-08,500049,20,2990,474960,Delinquent,0-30,good,low,2297,1.05282
690,56,102055,North,Current,"Credit Card",2024-02-17,188641,0,49736,471280,Current,Current,good,low,796,0.400274
691,29,115239,West,Loan,"Credit Card",2023-06-10,459562,95,10518,423921,Charged-off,90+,bad,High,1048,1.08407
692,36,151126,West,Savings,Mortgage,2019-05-20,256689,10,22283,225673,Delinquent,0-30,good,low,2530,1.13744
693,52,157272,West,Savings,Mortgage,2017-05-14,74764,0,7203,69624,Current,Current,good,low,3266,1.07383
694,52,85409,West,Savings,"Personal Loan",2024-01-06,747818,50,26290,498150,Delinquent,30-60,good,medium,838,1.50119
695,47,154399,East,Loan,Mortgage,2021-09-11,719129,0,36501,25329,Current,Current,good,low,1685,28.3915
696,35,196144,South,"Credit Card","Personal Loan",2019-10-13,269774,0,39033,308724,Current,Current,good,low,2384,0.873836
697,24,151442,South,"Credit Card","Personal Loan",2021-06-28,312772,0,37730,284352,Current,Current,good,low,1760,1.09995
698,56,197102,South,Current,"Auto Loan",2018-10-20,479159,120,8820,254371,Charged-off,90+,bad,High,2742,1.8837
699,45,187241,East,"Credit Card","Credit Card",2018-05-02,191064,0,39289,302095,Current,Current,good,low,2913,0.632463
700,35,48670,South,Savings,"Personal Loan",2017-07-14,189890,20,4383,440914,Delinquent,0-30,good,low,3205,0.430674
701,32,58236,West,Savings,"Auto Loan",2024-06-24,185350,50,5051,356445,Delinquent,30-60,good,medium,668,0.519996
702,27,126864,West,Savings,Mortgage,2021-04-21,483234,70,36585,240349,Charged-off,60-90,bad,High,1828,2.01055
703,56,129011,East,Current,"Credit Card",2018-11-04,374463,20,29154,266818,Delinquent,0-30,good,low,2727,1.40344
704,44,188113,West,Current,Mortgage,2021-02-17,450339,50,47879,322870,Delinquent,30-60,good,medium,1891,1.3948
705,26,35115,East,Loan,"Auto Loan",2017-09-01,594584,120,2540,457758,Charged-off,90+,bad,High,3156,1.2989
706,61,193947,North,Current,"Personal Loan",2020-03-16,678837,20,18472,442597,Delinquent,0-30,good,low,2229,1.53376
707,51,119134,South,Savings,"Personal Loan",2018-06-28,292263,0,3951,161539,Current,Current,good,low,2856,1.80924
708,41,119331,West,"Credit Card","Auto Loan",2024-08-26,202912,120,20180,105798,Charged-off,90+,bad,High,605,1.91792
709,31,176974,West,Loan,"Credit Card",2022-07-08,117801,70,2032,425019,Charged-off,60-90,bad,High,1385,0.277166
710,36,153516,East,Savings,Mortgage,2021-12-04,211720,0,9059,285466,Current,Current,good,low,1601,0.741665
711,34,66526,South,"Credit Card","Credit Card",2017-05-23,577196,70,25674,247864,Charged-off,60-90,bad,High,3257,2.32868
712,45,38209,West,Loan,Mortgage,2019-03-01,457796,50,42978,361454,Delinquent,30-60,good,medium,2610,1.26654
713,34,77279,South,Current,"Credit Card",2024-12-29,606950,35,45054,478315,Delinquent,30-60,good,medium,480,1.26893
714,58,38535,West,Current,"Personal Loan",2022-07-19,625839,20,2742,103977,Delinquent,0-30,good,low,1374,6.01901
715,38,64864,South,Savings,"Auto Loan",2023-10-03,322686,0,44760,480769,Current,Current,good,low,933,0.671187
716,34,173621,East,"Credit Card","Auto Loan",2019-05-31,613432,50,38354,255745,Delinquent,30-60,good,medium,2519,2.39861
717,44,71161,South,Loan,"Credit Card",2017-06-01,401754,0,34905,403251,Current,Current,good,low,3248,0.996288
718,28,143655,West,"Credit Card","Auto Loan",2017-02-06,279530,50,24391,390308,Delinquent,30-60,good,medium,3363,0.716178
719,45,118422,West,"Credit Card","Personal Loan",2019-01-14,644995,50,9926,450987,Delinquent,30-60,good,medium,2656,1.43019
720,54,107421,North,"Credit Card",Mortgage,2024-09-30,648774,10,15113,352895,Delinquent,0-30,good,low,570,1.83843
721,64,42838,South,Loan,"Personal Loan",2018-02-15,618497,0,11478,130411,Current,Current,good,low,2989,4.74268
722,48,119391,West,Loan,Mortgage,2022-01-11,205444,10,16838,272040,Delinquent,0-30,good,low,1563,0.755198
723,44,92696,South,Savings,"Auto Loan",2017-03-04,674384,0,20580,250191,Current,Current,good,low,3337,2.69548
724,38,127545,South,"Credit Card","Auto Loan",2019-08-18,618011,0,15547,251226,Current,Current,good,low,2440,2.45998
725,54,126133,South,Loan,Mortgage,2022-07-21,28689,0,49392,279671,Current,Current,good,low,1372,0.102581
726,62,53959,West,Loan,"Credit Card",2018-02-23,147336,10,1975,153206,Delinquent,0-30,good,low,2981,0.961686
727,23,139244,South,Current,"Auto Loan",2017-02-09,529109,0,24705,97355,Current,Current,good,low,3360,5.43484
728,32,80489,West,"Credit Card","Personal Loan",2018-12-06,585787,0,4149,172657,Current,Current,good,low,2695,3.39278
729,56,152327,North,Loan,"Personal Loan",2021-02-05,428006,35,18983,310223,Delinquent,30-60,good,medium,1903,1.37967
730,25,106665,South,"Credit Card","Credit Card",2018-07-20,199877,50,17957,457782,Delinquent,30-60,good,medium,2834,0.43662
731,39,150032,North,"Credit Card","Credit Card",2021-10-05,655993,0,4736,339295,Current,Current,good,low,1661,1.9334
732,32,143015,North,Loan,"Auto Loan",2021-03-18,258661,35,49345,315725,Delinquent,30-60,good,medium,1862,0.81926
733,47,114647,West,Loan,"Credit Card",2021-09-14,700856,0,15356,67402,Current,Current,good,low,1682,10.3981
734,37,70286,North,Current,"Personal Loan",2023-12-28,482254,10,25565,454071,Delinquent,0-30,good,low,847,1.06207
735,63,176271,West,Loan,"Personal Loan",2024-06-04,731914,0,25522,463683,Current,Current,good,low,688,1.57848
736,48,106498,West,Savings,"Auto Loan",2021-04-15,367142,0,42105,357925,Current,Current,good,low,1834,1.02575
737,60,120067,East,Current,"Personal Loan",2022-04-08,663132,50,3101,144217,Delinquent,30-60,good,medium,1476,4.59815
738,42,57541,South,Savings,"Personal Loan",2024-04-19,211214,0,5664,131936,Current,Current,good,low,734,1.60088
739,30,166441,East,Loan,"Personal Loan",2023-01-03,72860,0,23455,336826,Current,Current,good,low,1206,0.216313
740,61,80133,East,Loan,Mortgage,2019-10-30,700439,10,3959,411252,Delinquent,0-30,good,low,2367,1.70319
741,26,59498,North,Loan,"Personal Loan",2024-10-30,159597,70,17501,196334,Charged-off,60-90,bad,High,540,0.812885
742,37,142046,South,Current,"Personal Loan",2021-06-24,88689,20,2976,195853,Delinquent,0-30,good,low,1764,0.452835
743,32,75445,West,Loan,"Auto Loan",2020-05-01,226697,0,35971,105838,Current,Current,good,low,2183,2.14192
744,26,187543,North,Savings,"Credit Card",2020-12-04,366567,0,44506,124486,Current,Current,good,low,1966,2.94464
745,63,65066,North,"Credit Card","Auto Loan",2018-05-15,324371,0,21269,176338,Current,Current,good,low,2900,1.83948
746,42,101075,East,Loan,"Auto Loan",2018-04-26,751470,0,4357,320726,Current,Current,good,low,2919,2.34303
747,36,36183,East,"Credit Card","Auto Loan",2020-03-03,37065,70,44509,475797,Charged-off,60-90,bad,High,2242,0.0779009
748,24,154570,East,Savings,"Auto Loan",2022-10-18,467189,20,46650,322567,Delinquent,0-30,good,low,1283,1.44835
749,45,42508,West,Current,"Credit Card",2020-01-01,403734,95,8628,236793,Charged-off,90+,bad,High,2304,1.70501
750,53,189413,West,Current,"Auto Loan",2021-10-30,206264,35,33358,41158,Delinquent,30-60,good,medium,1636,5.01152
751,21,169608,East,Current,"Auto Loan",2018-08-23,123981,0,25625,244276,Current,Current,good,low,2800,0.507545
752,35,119191,West,Loan,"Auto Loan",2020-04-27,462474,70,42496,162039,Charged-off,60-90,bad,High,2187,2.85409
753,37,172926,West,"Credit Card","Personal Loan",2022-04-05,751610,0,3157,202147,Current,Current,good,low,1479,3.71814
754,63,168414,West,Loan,"Personal Loan",2017-07-11,241918,35,6763,35706,Delinquent,30-60,good,medium,3208,6.77528
755,39,178819,North,Current,"Personal Loan",2024-07-31,661773,0,47596,476164,Current,Current,good,low,631,1.3898
756,39,106424,North,Current,"Personal Loan",2021-11-28,781329,50,15793,152168,Delinquent,30-60,good,medium,1607,5.13465
757,40,109171,North,Current,Mortgage,2017-07-12,762111,0,28536,476648,Current,Current,good,low,3207,1.5989
758,21,139105,South,Loan,"Personal Loan",2021-06-14,246770,50,8002,84312,Delinquent,30-60,good,medium,1774,2.92687
759,43,151847,West,Current,Mortgage,2024-11-20,726961,70,25477,459775,Charged-off,60-90,bad,High,519,1.58112
760,36,172199,North,"Credit Card",Mortgage,2022-04-09,667664,0,33036,35463,Current,Current,good,low,1475,18.8271
761,44,60400,West,Savings,"Personal Loan",2020-04-12,215006,0,47974,317553,Current,Current,good,low,2202,0.677071
762,40,116210,West,Current,"Auto Loan",2018-02-18,784277,35,45335,300739,Delinquent,30-60,good,medium,2986,2.60783
763,35,48837,West,Savings,"Personal Loan",2019-04-17,569502,35,11619,350493,Delinquent,30-60,good,medium,2563,1.62486
764,44,142777,West,Current,Mortgage,2018-08-25,311739,0,12184,415342,Current,Current,good,low,2798,0.75056
765,57,42913,North,"Credit Card",Mortgage,2022-04-08,8630,20,19101,356104,Delinquent,0-30,good,low,1476,0.0242345
766,61,86695,North,Savings,Mortgage,2023-02-12,102732,70,17628,313231,Charged-off,60-90,bad,High,1166,0.327975
767,53,116492,North,Current,"Personal Loan",2022-02-11,730326,20,40783,275521,Delinquent,0-30,good,low,1532,2.65071
768,52,74293,East,Current,"Personal Loan",2021-10-29,442047,0,39743,320368,Current,Current,good,low,1637,1.37981
769,51,140904,East,Current,"Credit Card",2025-02-08,99459,70,34238,231644,Charged-off,60-90,bad,High,439,0.429361
770,35,171314,East,Loan,Mortgage,2017-12-04,11801,0,19017,105974,Current,Current,good,low,3062,0.111358
771,21,164182,East,Loan,"Personal Loan",2021-10-04,190293,20,25892,393123,Delinquent,0-30,good,low,1662,0.484055
772,32,78339,West,Loan,"Credit Card",2021-06-23,410016,70,32993,90494,Charged-off,60-90,bad,High,1765,4.53086
773,55,64712,West,Savings,Mortgage,2019-08-25,602592,70,15104,237495,Charged-off,60-90,bad,High,2433,2.53728
774,57,169548,West,Current,Mortgage,2019-03-01,425584,0,13058,23901,Current,Current,good,low,2610,17.8061
775,50,67736,West,Current,"Personal Loan",2024-10-12,393665,20,7855,325423,Delinquent,0-30,good,low,558,1.2097
776,46,174908,North,Savings,Mortgage,2025-01-29,621212,20,27096,328089,Delinquent,0-30,good,low,449,1.89343
777,31,124021,West,Loan,"Auto Loan",2018-02-02,718926,10,47550,358116,Delinquent,0-30,good,low,3002,2.00752
778,52,179703,East,Savings,Mortgage,2022-09-15,283353,120,36112,92185,Charged-off,90+,bad,High,1316,3.07374
779,22,165200,North,"Credit Card","Personal Loan",2018-04-21,543020,0,12175,453012,Current,Current,good,low,2924,1.19869
780,30,41680,North,Loan,"Personal Loan",2021-12-18,512611,0,39158,217248,Current,Current,good,low,1587,2.35957
781,42,97174,East,Loan,"Auto Loan",2024-12-25,256506,35,4772,67578,Delinquent,30-60,good,medium,484,3.7957
782,29,71913,West,Savings,Mortgage,2022-03-20,438188,50,29238,96132,Delinquent,30-60,good,medium,1495,4.55819
783,50,177350,North,Loan,"Auto Loan",2018-08-28,137944,0,7790,366386,Current,Current,good,low,2795,0.376499
784,45,86630,East,"Credit Card","Auto Loan",2021-04-01,171955,20,45289,379013,Delinquent,0-30,good,low,1848,0.453692
785,41,110813,North,Current,"Auto Loan",2022-09-16,593039,0,16783,124332,Current,Current,good,low,1315,4.7698
786,38,25945,East,Loan,"Credit Card",2023-10-18,296945,0,14135,190916,Current,Current,good,low,918,1.55537
787,40,121638,South,Loan,"Credit Card",2020-04-17,65241,50,34337,163793,Delinquent,30-60,good,medium,2197,0.398314
788,60,40692,North,Current,"Auto Loan",2024-02-03,469211,70,8310,248784,Charged-off,60-90,bad,High,810,1.88602
789,36,199945,North,Loan,"Personal Loan",2021-08-08,47697,0,49187,156243,Current,Current,good,low,1719,0.305274
790,59,110086,West,Current,Mortgage,2025-01-29,142094,50,32091,128441,Delinquent,30-60,good,medium,449,1.1063
791,55,172239,East,Savings,"Credit Card",2023-01-28,744660,0,31195,270458,Current,Current,good,low,1181,2.75333
792,49,136284,East,"Credit Card","Auto Loan",2023-04-18,60194,120,15909,358139,Charged-off,90+,bad,High,1101,0.168074
793,50,144131,South,"Credit Card","Credit Card",2021-10-04,129332,0,12586,254929,Current,Current,good,low,1662,0.507326
794,23,166660,West,Current,"Credit Card",2023-12-31,607457,0,44804,373536,Current,Current,good,low,844,1.62623
795,52,50069,West,"Credit Card","Credit Card",2018-12-14,636186,0,29018,313537,Current,Current,good,low,2687,2.02906
796,34,180258,East,Current,"Credit Card",2017-11-27,486393,0,39011,77439,Current,Current,good,low,3069,6.28098
797,46,117144,North,Savings,"Auto Loan",2021-02-26,667867,10,34434,444099,Delinquent,0-30,good,low,1882,1.50387
798,25,104520,West,Current,"Personal Loan",2022-01-24,628216,0,12982,210338,Current,Current,good,low,1550,2.9867
799,48,34937,South,Loan,Mortgage,2024-03-02,494591,0,36245,66741,Current,Current,good,low,782,7.4106
800,28,143189,South,Loan,Mortgage,2019-01-25,403880,35,48140,237722,Delinquent,30-60,good,medium,2645,1.69896
801,53,111709,West,Savings,Mortgage,2018-04-19,777778,0,24772,482813,Current,Current,good,low,2926,1.61093
802,56,60622,South,"Credit Card","Credit Card",2021-06-28,137495,35,42206,113132,Delinquent,30-60,good,medium,1760,1.21535
803,33,36355,South,Loan,"Credit Card",2022-10-24,730642,35,38591,230974,Delinquent,30-60,good,medium,1277,3.16331
804,40,123295,East,Current,"Credit Card",2023-05-16,689057,50,11773,228121,Delinquent,30-60,good,medium,1073,3.02058
805,38,189764,North,Current,"Credit Card",2018-10-03,603478,20,15390,496482,Delinquent,0-30,good,low,2759,1.21551
806,40,43572,West,Savings,"Credit Card",2022-01-31,173845,10,45831,139321,Delinquent,0-30,good,low,1543,1.2478
807,63,54093,North,"Credit Card","Auto Loan",2024-06-10,518971,0,25938,431909,Current,Current,good,low,682,1.20157
808,53,198235,South,Savings,"Personal Loan",2018-07-06,442077,10,44820,325269,Delinquent,0-30,good,low,2848,1.35911
809,41,117954,North,Savings,"Credit Card",2020-05-12,481401,0,11077,475362,Current,Current,good,low,2172,1.0127
810,44,52614,West,Savings,"Auto Loan",2022-03-21,478997,0,31842,336444,Current,Current,good,low,1494,1.4237
811,48,191591,West,Savings,"Credit Card",2024-02-18,69000,0,19864,359168,Current,Current,good,low,795,0.192111
812,25,173537,North,"Credit Card",Mortgage,2020-08-19,663561,0,49768,31694,Current,Current,good,low,2073,20.9365
813,50,137972,East,"Credit Card","Credit Card",2022-04-13,38284,70,30651,226611,Charged-off,60-90,bad,High,1471,0.168941
814,63,147789,West,Current,"Auto Loan",2018-11-30,396223,20,37671,331284,Delinquent,0-30,good,low,2701,1.19602
815,44,25795,East,Current,"Auto Loan",2023-05-01,96725,35,37116,331386,Delinquent,30-60,good,medium,1088,0.29188
816,59,169488,South,Loan,"Auto Loan",2022-11-05,280164,0,38982,252119,Current,Current,good,low,1265,1.11124
817,34,88417,South,Current,"Personal Loan",2021-09-30,591530,0,5612,373841,Current,Current,good,low,1666,1.5823
818,56,99665,South,Loan,Mortgage,2018-04-20,56732,70,6177,147562,Charged-off,60-90,bad,High,2925,0.384462
819,56,163176,South,Loan,Mortgage,2021-05-29,7408,35,12603,393037,Delinquent,30-60,good,medium,1790,0.0188481
820,46,108098,West,Current,"Auto Loan",2020-12-09,723634,0,22957,436923,Current,Current,good,low,1961,1.6562
821,33,115746,South,Savings,"Auto Loan",2023-03-22,261187,10,48004,308385,Delinquent,0-30,good,low,1128,0.846951
822,60,41600,East,Savings,"Credit Card",2021-02-10,659512,10,22224,146743,Delinquent,0-30,good,low,1898,4.49433
823,41,189259,North,"Credit Card","Auto Loan",2019-12-18,741476,10,1726,114617,Delinquent,0-30,good,low,2318,6.46916
824,46,139403,West,Savings,"Auto Loan",2020-01-20,378935,35,34049,182048,Delinquent,30-60,good,medium,2285,2.08151
825,54,179973,South,Loan,"Auto Loan",2022-10-28,755417,20,49769,312463,Delinquent,0-30,good,low,1273,2.41762
826,60,95339,West,"Credit Card","Auto Loan",2017-08-20,353862,50,7254,441444,Delinquent,30-60,good,medium,3168,0.801601
827,34,120661,West,"Credit Card",Mortgage,2021-09-12,17323,0,38447,392808,Current,Current,good,low,1684,0.0441004
828,41,137324,West,Current,"Personal Loan",2019-04-04,638074,70,20342,485343,Charged-off,60-90,bad,High,2576,1.31469
829,63,149746,East,Loan,Mortgage,2023-06-24,246144,70,37824,347075,Charged-off,60-90,bad,High,1034,0.709195
830,39,34175,West,Loan,"Credit Card",2023-08-23,508299,0,1980,291954,Current,Current,good,low,974,1.74102
831,32,86122,West,Loan,"Auto Loan",2021-01-31,301552,0,41010,72526,Current,Current,good,low,1908,4.15785
832,56,73545,South,Current,"Auto Loan",2020-08-05,286587,50,19603,184360,Delinquent,30-60,good,medium,2087,1.5545
833,50,174743,South,Loan,Mortgage,2022-08-15,445548,10,35956,156895,Delinquent,0-30,good,low,1347,2.83978
834,64,104306,South,"Credit Card","Credit Card",2017-05-31,70283,0,42651,383394,Current,Current,good,low,3249,0.183318
835,53,175770,South,"Credit Card",Mortgage,2021-04-15,104321,50,7660,145469,Delinquent,30-60,good,medium,1834,0.717136
836,64,132057,West,Savings,Mortgage,2019-08-16,131352,0,17984,408348,Current,Current,good,low,2442,0.321667
837,43,46271,East,Current,Mortgage,2020-11-30,599770,0,41716,322678,Current,Current,good,low,1970,1.85873
838,61,93114,North,"Credit Card","Auto Loan",2021-07-06,638761,70,37673,225868,Charged-off,60-90,bad,High,1752,2.82803
839,33,191784,South,"Credit Card","Personal Loan",2024-12-29,752093,50,44113,36984,Delinquent,30-60,good,medium,480,20.3356
840,48,154728,East,Savings,"Personal Loan",2022-07-08,629422,70,31143,181697,Charged-off,60-90,bad,High,1385,3.46413
841,48,60219,East,"Credit Card","Auto Loan",2023-12-06,459957,20,20410,499052,Delinquent,0-30,good,low,869,0.921661
842,39,174111,North,"Credit Card","Personal Loan",2020-10-22,390085,0,32140,289129,Current,Current,good,low,2009,1.34917
843,57,185531,East,Current,"Auto Loan",2018-05-30,198064,10,21132,270059,Delinquent,0-30,good,low,2885,0.73341
844,51,76380,South,Savings,"Credit Card",2024-03-27,10720,0,10355,321257,Current,Current,good,low,757,0.0333689
845,62,177242,North,Loan,"Auto Loan",2017-01-31,142453,35,4469,90042,Delinquent,30-60,good,medium,3369,1.58207
846,59,36039,North,Current,"Personal Loan",2024-03-26,226771,35,14021,39421,Delinquent,30-60,good,medium,758,5.75254
847,37,74083,East,"Credit Card","Personal Loan",2021-03-26,695613,20,22644,305449,Delinquent,0-30,good,low,1854,2.27735
848,48,45269,South,"Credit Card","Auto Loan",2019-09-26,194354,0,18124,181398,Current,Current,good,low,2401,1.07142
849,24,197376,North,Loan,"Auto Loan",2021-01-19,704079,120,48133,456846,Charged-off,90+,bad,High,1920,1.54117
850,26,137302,South,Savings,"Credit Card",2017-12-12,480047,20,16358,365433,Delinquent,0-30,good,low,3054,1.31364
851,39,122467,East,Savings,Mortgage,2018-08-21,148866,20,46715,301850,Delinquent,0-30,good,low,2802,0.493179
852,43,27876,North,Loan,"Personal Loan",2021-08-19,343698,10,41234,145533,Delinquent,0-30,good,low,1708,2.36165
853,60,89530,South,Current,"Credit Card",2023-10-13,667526,35,21495,404929,Delinquent,30-60,good,medium,923,1.6485
854,62,147578,North,Current,"Personal Loan",2019-12-20,252209,120,38118,407776,Charged-off,90+,bad,High,2316,0.618499
855,26,106237,North,Current,"Credit Card",2022-11-08,643317,95,1874,240108,Charged-off,90+,bad,High,1262,2.67928
856,44,62718,North,"Credit Card","Personal Loan",2023-04-12,322097,0,45137,385654,Current,Current,good,low,1107,0.835197
857,42,157974,East,"Credit Card",Mortgage,2017-09-21,12079,10,8840,80008,Delinquent,0-30,good,low,3136,0.150972
858,41,90708,West,Current,Mortgage,2018-10-03,190236,70,15066,50105,Charged-off,60-90,bad,High,2759,3.79675
859,34,153799,North,Current,"Credit Card",2020-07-30,648017,0,22489,52904,Current,Current,good,low,2093,12.2489
860,44,34309,East,"Credit Card","Credit Card",2019-03-31,545236,50,29002,301939,Delinquent,30-60,good,medium,2580,1.80578
861,45,180408,North,Current,"Auto Loan",2022-02-18,360597,50,26263,162751,Delinquent,30-60,good,medium,1525,2.21564
862,37,119056,East,Savings,Mortgage,2021-10-22,697203,0,9130,90691,Current,Current,good,low,1644,7.68768
863,55,137000,North,Savings,"Personal Loan",2018-01-11,143339,0,46618,183745,Current,Current,good,low,3024,0.780097
864,37,195387,North,"Credit Card","Credit Card",2021-07-25,312168,20,15231,179995,Delinquent,0-30,good,low,1733,1.73431
865,48,152795,East,"Credit Card","Credit Card",2018-01-26,685470,0,25248,284021,Current,Current,good,low,3009,2.41345
866,22,183760,West,Loan,"Personal Loan",2022-10-03,488529,35,49978,432565,Delinquent,30-60,good,medium,1298,1.12938
867,54,112291,South,"Credit Card",Mortgage,2017-02-10,315009,120,47197,267478,Charged-off,90+,bad,High,3359,1.1777
868,21,131802,East,Loan,"Credit Card",2021-10-25,520416,35,12214,341615,Delinquent,30-60,good,medium,1641,1.5234
869,23,100579,West,Loan,"Credit Card",2018-06-18,242703,10,5485,165071,Delinquent,0-30,good,low,2866,1.47029
870,42,188702,North,"Credit Card","Credit Card",2019-12-26,287958,10,8318,483344,Delinquent,0-30,good,low,2310,0.595762
871,62,170558,North,Savings,Mortgage,2024-07-13,715656,20,16449,323195,Delinquent,0-30,good,low,649,2.21432
872,24,58598,South,Current,Mortgage,2019-11-07,425444,0,27648,440905,Current,Current,good,low,2359,0.964934
873,35,154790,West,"Credit Card",Mortgage,2017-03-13,329409,10,43902,329393,Delinquent,0-30,good,low,3328,1.00005
874,56,33616,North,Savings,Mortgage,2022-07-10,400307,70,9117,240490,Charged-off,60-90,bad,High,1383,1.66455
875,59,94287,South,Loan,"Auto Loan",2024-03-25,695036,10,4826,317684,Delinquent,0-30,good,low,759,2.18782
876,32,98725,East,Savings,"Personal Loan",2019-08-12,783290,0,24937,345821,Current,Current,good,low,2446,2.26502
877,57,37912,North,Current,"Auto Loan",2020-05-19,697284,50,25795,179946,Delinquent,30-60,good,medium,2165,3.87496
878,61,186676,South,Loan,"Credit Card",2024-04-09,631519,0,24161,481901,Current,Current,good,low,744,1.31047
879,27,144815,East,Loan,"Personal Loan",2018-11-11,276419,120,23078,257170,Charged-off,90+,bad,High,2720,1.07485
880,51,139779,West,Savings,"Credit Card",2017-03-18,224508,0,26121,424467,Current,Current,good,low,3323,0.528917
881,25,181506,West,Current,"Auto Loan",2021-01-04,573480,70,1943,192419,Charged-off,60-90,bad,High,1935,2.98037
882,47,169390,East,Savings,"Auto Loan",2021-01-17,71445,20,33305,367756,Delinquent,0-30,good,low,1922,0.194273
883,45,155859,West,Current,"Personal Loan",2020-10-12,354621,10,33208,288133,Delinquent,0-30,good,low,2019,1.23075
884,37,66771,West,Loan,"Personal Loan",2020-09-18,675337,0,2577,355902,Current,Current,good,low,2043,1.89754
885,48,43137,South,Current,"Auto Loan",2018-03-09,90869,50,15810,88586,Delinquent,30-60,good,medium,2967,1.02577
886,47,155244,South,Savings,Mortgage,2021-11-07,369544,0,15711,266424,Current,Current,good,low,1628,1.38705
887,46,36953,South,"Credit Card","Credit Card",2020-12-30,777374,0,6535,194739,Current,Current,good,low,1940,3.99188
888,49,110499,West,"Credit Card","Auto Loan",2024-08-05,769079,0,49315,246660,Current,Current,good,low,626,3.11797
889,47,71577,East,Current,"Auto Loan",2018-12-08,217523,35,24708,479992,Delinquent,30-60,good,medium,2693,0.45318
890,37,139643,North,Current,"Personal Loan",2020-09-18,67947,0,32280,102856,Current,Current,good,low,2043,0.660603
891,58,84356,South,Savings,"Auto Loan",2020-12-08,142897,0,24633,244172,Current,Current,good,low,1962,0.585231
892,36,61460,West,Current,"Personal Loan",2023-11-14,343761,70,36173,321436,Charged-off,60-90,bad,High,891,1.06945
893,29,117498,South,Loan,Mortgage,2024-05-27,734809,50,30437,417036,Delinquent,30-60,good,medium,696,1.76198
894,52,139124,North,Loan,Mortgage,2024-06-27,739552,0,37892,467770,Current,Current,good,low,665,1.58102
895,21,77734,West,"Credit Card","Personal Loan",2021-11-04,80543,10,31389,96616,Delinquent,0-30,good,low,1631,0.83364
896,29,73535,North,Loan,"Credit Card",2018-06-17,614005,20,26839,266641,Delinquent,0-30,good,low,2867,2.30274
897,27,70177,West,"Credit Card","Personal Loan",2022-12-30,599554,20,39393,52150,Delinquent,0-30,good,low,1210,11.4967
898,64,37088,North,Current,"Auto Loan",2018-04-13,579307,70,13153,225081,Charged-off,60-90,bad,High,2932,2.57377
899,57,147544,East,Current,"Personal Loan",2023-06-23,367303,120,22713,411298,Charged-off,90+,bad,High,1035,0.893034
900,60,167280,North,"Credit Card",Mortgage,2022-03-04,696860,95,23510,63002,Charged-off,90+,bad,High,1511,11.0609
901,26,133500,West,"Credit Card","Personal Loan",2020-08-27,699980,0,8000,111629,Current,Current,good,low,2065,6.27059
902,57,163875,East,"Credit Card","Credit Card",2022-10-04,666072,70,8798,36546,Charged-off,60-90,bad,High,1297,18.2256
903,59,165856,South,Loan,"Personal Loan",2021-05-31,473395,35,31004,391931,Delinquent,30-60,good,medium,1788,1.20785
904,24,138578,East,Loan,"Personal Loan",2019-11-28,380438,0,14448,193550,Current,Current,good,low,2338,1.96558
905,57,199035,East,Loan,Mortgage,2024-02-25,706772,35,9144,217908,Delinquent,30-60,good,medium,788,3.24344
906,30,150799,South,Savings,Mortgage,2022-12-11,233644,0,22612,33198,Current,Current,good,low,1229,7.03789
907,30,130563,West,Savings,"Auto Loan",2017-05-02,770684,0,10708,458756,Current,Current,good,low,3278,1.67994
908,55,197005,East,Loan,"Auto Loan",2020-11-06,95536,50,37462,175368,Delinquent,30-60,good,medium,1994,0.544774
909,28,93031,North,Current,"Credit Card",2023-04-03,746832,0,24291,442198,Current,Current,good,low,1116,1.68891
910,43,161776,North,"Credit Card","Personal Loan",2023-08-23,411748,35,18845,349746,Delinquent,30-60,good,medium,974,1.17728
911,27,32836,East,"Credit Card",Mortgage,2022-03-20,622523,35,12260,81896,Delinquent,30-60,good,medium,1495,7.60138
912,22,174147,North,Savings,"Personal Loan",2019-04-17,181441,120,28165,166146,Charged-off,90+,bad,High,2563,1.09206
913,58,78137,East,Savings,"Personal Loan",2021-04-08,259533,0,4102,134710,Current,Current,good,low,1841,1.92661
914,40,75874,East,Current,"Credit Card",2019-08-28,63977,0,10709,85440,Current,Current,good,low,2430,0.748794
915,51,87450,North,Current,Mortgage,2023-07-22,730010,0,24977,456747,Current,Current,good,low,1006,1.59828
916,50,103638,South,"Credit Card","Personal Loan",2017-09-13,116515,20,14538,123622,Delinquent,0-30,good,low,3144,0.94251
917,45,129150,North,Current,Mortgage,2018-08-25,267590,70,44999,244443,Charged-off,60-90,bad,High,2798,1.09469
918,30,35068,East,Current,"Personal Loan",2022-11-08,502989,50,18144,42991,Delinquent,30-60,good,medium,1262,11.6999
919,37,35327,East,"Credit Card","Personal Loan",2020-01-02,298200,0,9921,338082,Current,Current,good,low,2303,0.882035
920,29,162604,West,Loan,"Credit Card",2021-06-01,208311,95,39995,336195,Charged-off,90+,bad,High,1787,0.619614
921,63,126219,West,Current,"Personal Loan",2022-11-23,22167,120,4514,369681,Charged-off,90+,bad,High,1247,0.0599625
922,52,175355,East,Loan,"Credit Card",2024-09-20,663230,20,41090,428778,Delinquent,0-30,good,low,580,1.54679
923,44,137097,South,Current,"Personal Loan",2023-08-11,570344,10,36601,126398,Delinquent,0-30,good,low,986,4.51229
924,36,113272,East,Current,Mortgage,2024-06-13,488041,10,4187,403780,Delinquent,0-30,good,low,679,1.20868
925,32,63069,West,Loan,"Personal Loan",2023-03-18,192632,70,4087,201442,Charged-off,60-90,bad,High,1132,0.956265
926,55,160214,South,Savings,Mortgage,2022-03-27,766228,0,1002,198491,Current,Current,good,low,1488,3.86027
927,63,89424,West,Savings,"Auto Loan",2024-12-30,578035,50,23177,174000,Delinquent,30-60,good,medium,479,3.32204
928,37,72743,West,Loan,"Personal Loan",2024-11-16,47070,35,39959,86825,Delinquent,30-60,good,medium,523,0.542125
929,49,74324,North,Loan,"Credit Card",2020-11-24,517493,120,6378,61713,Charged-off,90+,bad,High,1976,8.38548
930,56,173653,North,Loan,"Auto Loan",2023-10-22,199524,0,33557,334203,Current,Current,good,low,914,0.597014
931,55,167462,South,Savings,"Credit Card",2024-07-27,450380,120,1589,342765,Charged-off,90+,bad,High,635,1.31396
932,24,172219,South,"Credit Card","Personal Loan",2017-08-03,334487,50,4903,496444,Delinquent,30-60,good,medium,3185,0.673766
933,27,194452,North,Savings,"Credit Card",2017-10-25,470990,10,28599,339997,Delinquent,0-30,good,low,3102,1.38528
934,39,152040,East,Loan,"Credit Card",2022-06-20,58312,70,23511,241534,Charged-off,60-90,bad,High,1403,0.241424
935,48,129779,West,"Credit Card",Mortgage,2023-04-16,641796,10,14404,255488,Delinquent,0-30,good,low,1103,2.51204
936,61,86543,East,Current,Mortgage,2021-01-14,764861,10,5636,399861,Delinquent,0-30,good,low,1925,1.91282
937,42,54891,South,"Credit Card","Auto Loan",2017-05-31,15826,20,11572,305014,Delinquent,0-30,good,low,3249,0.0518861
938,41,73092,West,Current,"Personal Loan",2024-01-18,581832,20,42663,269946,Delinquent,0-30,good,low,826,2.15536
939,25,62739,South,Savings,"Credit Card",2018-08-27,577439,95,16281,229459,Charged-off,90+,bad,High,2796,2.51652
940,52,160603,West,"Credit Card","Credit Card",2020-03-22,310833,0,13467,51236,Current,Current,good,low,2223,6.06669
941,21,74631,East,Savings,"Credit Card",2024-01-11,235183,0,10695,28801,Current,Current,good,low,833,8.16579
942,40,194110,West,Loan,Mortgage,2022-05-02,318578,50,30984,435534,Delinquent,30-60,good,medium,1452,0.731465
943,48,52393,East,Loan,"Personal Loan",2022-11-02,163121,120,17769,347830,Charged-off,90+,bad,High,1268,0.468968
944,64,113389,East,"Credit Card","Credit Card",2021-09-02,77809,95,46522,57784,Charged-off,90+,bad,High,1694,1.34655
945,57,161085,West,"Credit Card",Mortgage,2018-07-29,358640,70,42693,225039,Charged-off,60-90,bad,High,2825,1.59368
946,32,189342,West,Current,Mortgage,2018-01-28,490566,70,12402,228089,Charged-off,60-90,bad,High,3007,2.15077
947,38,109891,East,Loan,Mortgage,2021-08-13,237109,50,49118,260145,Delinquent,30-60,good,medium,1714,0.911449
948,25,170942,East,Loan,"Credit Card",2023-06-16,210836,0,18264,483136,Current,Current,good,low,1042,0.436391
949,51,131448,East,"Credit Card","Credit Card",2021-01-29,590202,50,18851,182584,Delinquent,30-60,good,medium,1910,3.2325
950,22,160690,South,"Credit Card","Personal Loan",2017-07-06,526589,20,23608,233609,Delinquent,0-30,good,low,3213,2.25415
951,29,140480,East,Savings,"Personal Loan",2018-05-12,316844,10,9002,492347,Delinquent,0-30,good,low,2903,0.643538
952,22,164188,North,"Credit Card","Auto Loan",2019-08-18,585145,0,35926,233546,Current,Current,good,low,2440,2.50548
953,38,159846,South,Current,"Credit Card",2017-05-10,495672,70,37786,480988,Charged-off,60-90,bad,High,3270,1.03053
954,55,149221,South,Current,"Personal Loan",2021-03-29,666301,0,26122,140154,Current,Current,good,low,1851,4.75406
955,64,64161,East,Loan,"Auto Loan",2018-12-06,235955,120,2493,289854,Charged-off,90+,bad,High,2695,0.814048
956,45,27214,West,Current,"Personal Loan",2023-07-13,62533,50,16376,152182,Delinquent,30-60,good,medium,1015,0.410909
957,36,108858,North,Loan,"Credit Card",2024-03-18,612873,50,30716,207007,Delinquent,30-60,good,medium,766,2.96064
958,61,136105,South,Loan,"Auto Loan",2017-09-30,555274,0,44011,368980,Current,Current,good,low,3127,1.50489
959,64,133202,South,"Credit Card","Auto Loan",2021-04-16,244873,70,2142,107142,Charged-off,60-90,bad,High,1833,2.2855
960,40,142747,West,Loan,"Credit Card",2020-10-10,25047,70,25622,346408,Charged-off,60-90,bad,High,2021,0.0723049
961,24,94031,South,"Credit Card","Credit Card",2020-06-20,392783,10,37981,337685,Delinquent,0-30,good,low,2133,1.16316
962,52,107879,West,Savings,Mortgage,2018-10-11,255444,10,25417,430874,Delinquent,0-30,good,low,2751,0.592851
963,40,152857,South,Current,Mortgage,2021-01-03,238914,10,22543,396317,Delinquent,0-30,good,low,1936,0.602836
964,59,190770,East,"Credit Card","Auto Loan",2018-07-04,768716,20,29691,447061,Delinquent,0-30,good,low,2850,1.71949
965,35,133300,East,Current,"Personal Loan",2017-09-10,382861,35,25491,205852,Delinquent,30-60,good,medium,3147,1.85988
966,38,117380,North,Savings,"Credit Card",2019-11-04,266199,50,3951,345830,Delinquent,30-60,good,medium,2362,0.769739
967,27,198935,West,Savings,"Personal Loan",2023-01-30,746536,10,42704,442290,Delinquent,0-30,good,low,1179,1.68789
968,23,67430,East,Loan,"Personal Loan",2023-12-21,387203,35,32386,472094,Delinquent,30-60,good,medium,854,0.820182
969,28,108351,West,Current,"Credit Card",2021-03-19,49022,0,21145,194322,Current,Current,good,low,1861,0.252272
970,49,105765,South,Savings,Mortgage,2020-04-07,508366,0,34881,274660,Current,Current,good,low,2207,1.85089
971,28,120665,East,Loan,Mortgage,2018-10-13,340976,0,36850,339058,Current,Current,good,low,2749,1.00566
972,21,114958,West,Current,"Auto Loan",2019-02-15,163027,0,42796,144429,Current,Current,good,low,2624,1.12877
973,63,169012,West,"Credit Card","Personal Loan",2019-07-19,240969,10,40005,400417,Delinquent,0-30,good,low,2470,0.601795
974,41,94586,East,Current,"Credit Card",2020-09-07,424282,0,19113,269925,Current,Current,good,low,2054,1.57185
975,59,85445,West,Savings,Mortgage,2022-08-20,281470,0,5149,308660,Current,Current,good,low,1342,0.91191
976,22,113757,East,Loan,"Personal Loan",2022-05-16,244981,50,39987,207695,Delinquent,30-60,good,medium,1438,1.17952
977,54,69286,West,Loan,Mortgage,2018-11-19,260534,0,5454,202092,Current,Current,good,low,2712,1.28919
978,41,181918,North,Current,"Credit Card",2021-02-04,680916,120,26024,99698,Charged-off,90+,bad,High,1904,6.82979
979,53,167437,North,Loan,"Credit Card",2023-10-07,103917,95,40419,257290,Charged-off,90+,bad,High,929,0.403891
980,59,117452,South,"Credit Card",Mortgage,2023-06-29,311727,95,39388,369601,Charged-off,90+,bad,High,1029,0.843415
981,60,155456,West,Savings,"Auto Loan",2025-03-06,464484,0,27304,333351,Current,Current,good,low,413,1.39338
982,27,88138,North,Current,"Personal Loan",2018-12-08,365581,35,25702,474676,Delinquent,30-60,good,medium,2693,0.77017
983,35,34901,South,Loan,Mortgage,2023-02-17,78365,0,47084,407474,Current,Current,good,low,1161,0.192319
984,29,130398,West,Savings,Mortgage,2019-06-16,473693,120,48753,99112,Charged-off,90+,bad,High,2503,4.77937
985,50,142008,North,Current,"Auto Loan",2018-01-30,777737,0,3422,94306,Current,Current,good,low,3005,8.24695
986,64,97835,South,Current,"Personal Loan",2018-05-17,155614,50,47879,370464,Delinquent,30-60,good,medium,2898,0.420052
987,37,39210,South,"Credit Card",Mortgage,2019-11-09,122829,20,12045,450258,Delinquent,0-30,good,low,2357,0.272797
988,58,169812,West,Current,"Auto Loan",2019-05-30,102556,120,7683,268411,Charged-off,90+,bad,High,2520,0.382086
989,61,138811,North,"Credit Card","Personal Loan",2019-09-22,512326,0,32564,89615,Current,Current,good,low,2405,5.71697
990,59,68122,West,Current,Mortgage,2023-04-26,615712,20,12314,199571,Delinquent,0-30,good,low,1093,3.08518
991,41,86705,North,"Credit Card","Auto Loan",2021-12-02,271631,20,36835,450611,Delinquent,0-30,good,low,1603,0.602806
992,23,98368,South,"Credit Card","Auto Loan",2017-01-30,108372,95,34294,205759,Charged-off,90+,bad,High,3370,0.526694
993,57,43259,West,"Credit Card","Credit Card",2024-12-18,699914,70,30910,162969,Charged-off,60-90,bad,High,491,4.29477
994,37,173566,South,Current,Mortgage,2020-04-29,311304,10,13254,140366,Delinquent,0-30,good,low,2185,2.2178
995,37,147243,West,Current,Mortgage,2019-07-30,784684,35,31845,61496,Delinquent,30-60,good,medium,2459,12.7599
996,31,80480,East,Loan,"Credit Card",2017-08-03,438590,35,39432,361261,Delinquent,30-60,good,medium,3185,1.21405
997,30,152004,South,Loan,Mortgage,2019-08-03,504125,35,4884,247965,Delinquent,30-60,good,medium,2455,2.03305
998,21,124641,South,Loan,"Credit Card",2018-06-18,157416,0,46539,316948,Current,Current,good,low,2866,0.496662
999,30,36260,East,Loan,Mortgage,2020-11-28,556412,0,47133,161891,Current,Current,good,low,1972,3.43695
1000,45,150016,West,Loan,Mortgage,2019-07-26,757844,0,26309,250553,Current,Current,good,low,2463,3.02469
