cust_id,age,income,region,account_type,loan_type,account_open_date,balance,days_past_due,monthly_payment,credit_limit,status,bucket,risk_flag,risk_level,vintage_days,utilization,collection_strategy
1,23,63527,East,Credit Card,Mortgage,2017-01-18,421988,35,7513,481031,Delinquent,30-60,good,medium,3382,0.877257390895805,Soft
2,49,45827,East,Current,Auto Loan,2022-01-15,197938,95,4391,286382,Charged-off,90+,bad,High,1559,0.691167740989308,Aggressive
3,55,76476,North,Loan,Personal Loan,2019-12-04,222253,120,21034,335671,Charged-off,90+,bad,High,2332,0.662115583413521,Aggressive
4,59,118912,South,Loan,Credit Card,2022-02-07,38958,35,42379,188862,Delinquent,30-60,good,medium,1536,0.20627759951710772,Soft
5,38,126580,West,Savings,Personal Loan,2023-11-22,268200,0,38754,322395,Current,Current,good,low,883,0.8318987577350765,Soft
6,40,151547,South,Savings,Credit Card,2022-03-29,245613,120,41745,83081,Charged-off,90+,bad,High,1486,2.956307699714736,Aggressive
7,63,75750,East,Savings,Auto Loan,2017-08-12,773377,20,23456,222059,Delinquent,0-30,good,low,3176,3.4827545832413906,Soft
8,43,141833,West,Current,Mortgage,2023-11-04,210159,0,49011,357931,Current,Current,good,low,901,0.5871494785307783,Soft
9,54,164942,South,Loan,Credit Card,2024-07-11,613454,70,27868,409336,Charged-off,60-90,bad,High,651,1.4986563605448824,Aggressive
10,53,197972,West,Savings,Credit Card,2024-10-07,733065,10,42773,183502,Delinquent,0-30,good,low,563,3.994861091432246,Soft
11,30,49583,West,Credit Card,Personal Loan,2018-11-11,49952,70,43200,94738,Charged-off,60-90,bad,High,2720,0.527264666765184,Aggressive
12,53,162846,South,Loan,Credit Card,2019-12-10,465589,0,23586,414031,Current,Current,good,low,2326,1.1245269074054842,Soft
13,53,75711,North,Credit Card,Personal Loan,2021-05-04,213071,70,20242,254591,Charged-off,60-90,bad,High,1815,0.8369148948705963,Aggressive
14,46,163974,North,Credit Card,Auto Loan,2018-05-19,748570,10,40413,189382,Delinquent,0-30,good,low,2896,3.9526987781309733,Soft
15,40,132797,East,Credit Card,Mortgage,2023-12-28,443013,20,5711,477202,Delinquent,0-30,good,low,847,0.9283552876978722,Soft
16,35,186085,East,Credit Card,Auto Loan,2021-02-15,755105,35,13075,308545,Delinquent,30-60,good,medium,1893,2.4473091445332122,Soft
17,57,184331,East,Savings,Credit Card,2024-10-23,298307,35,25044,353878,Delinquent,30-60,good,medium,547,0.8429656548301957,Soft
18,53,50875,West,Credit Card,Credit Card,2023-07-22,113085,0,12718,100050,Current,Current,good,low,1006,1.1302848575712143,Soft
19,37,78285,West,Credit Card,Mortgage,2019-01-09,25904,0,32703,465989,Current,Current,good,low,2661,0.05558929502627744,Soft
20,25,53558,South,Credit Card,Credit Card,2024-01-12,582714,70,48430,117800,Charged-off,60-90,bad,High,832,4.946638370118846,Aggressive
21,24,29864,West,Credit Card,Personal Loan,2023-06-21,197513,0,12915,88315,Current,Current,good,low,1037,2.2364603974409785,Soft
22,23,98656,West,Loan,Auto Loan,2017-03-15,182924,0,48585,172566,Current,Current,good,low,3326,1.0600234113324758,Soft
23,41,55592,North,Current,Credit Card,2021-07-13,400177,20,44585,94123,Delinquent,0-30,good,low,1745,4.251638813042508,Soft
24,60,151723,East,Loan,Mortgage,2023-12-01,5780,50,47960,373820,Delinquent,30-60,good,medium,874,0.015461987052592156,Soft
25,23,173598,East,Savings,Mortgage,2018-07-06,705915,0,25706,272588,Current,Current,good,low,2848,2.5896774619572396,Soft
26,41,113241,West,Current,Personal Loan,2017-09-27,744535,35,24671,107678,Delinquent,30-60,good,medium,3130,6.914457920838054,Soft
27,28,181402,West,Savings,Mortgage,2025-01-10,795372,0,30665,147859,Current,Current,good,low,468,5.379259970647712,Soft
28,62,124357,East,Savings,Personal Loan,2017-05-08,338680,0,35472,333383,Current,Current,good,low,3272,1.0158886325937435,Soft
29,56,145336,South,Current,Credit Card,2018-03-18,432534,0,8123,38126,Current,Current,good,low,2958,11.344856528353354,Soft
30,49,69779,North,Current,Personal Loan,2021-09-08,338029,35,18539,103329,Delinquent,30-60,good,medium,1688,3.2713855742337583,Soft
31,59,149408,East,Current,Personal Loan,2019-11-11,418889,50,1874,144938,Delinquent,30-60,good,medium,2355,2.8901254329437416,Soft
32,54,104784,South,Loan,Personal Loan,2023-01-26,757522,0,30438,152381,Current,Current,good,low,1183,4.971236571488571,Soft
33,42,97086,North,Loan,Mortgage,2018-01-24,746905,0,16502,207384,Current,Current,good,low,3011,3.60155556841415,Soft
34,51,169047,West,Loan,Credit Card,2017-10-02,396098,50,10447,402706,Delinquent,30-60,good,medium,3125,0.9835910068387359,Soft
35,48,67397,North,Loan,Mortgage,2024-10-09,337309,120,30604,297274,Charged-off,90+,bad,High,561,1.134673735341806,Aggressive
36,55,138531,West,Savings,Mortgage,2017-05-30,146270,0,9703,481982,Current,Current,good,low,3250,0.30347606342145556,Soft
37,54,137832,North,Credit Card,Auto Loan,2021-12-06,524446,10,10819,327783,Delinquent,0-30,good,low,1599,1.5999792545678087,Soft
38,33,103233,East,Loan,Credit Card,2020-10-17,354888,10,41742,320575,Delinquent,0-30,good,low,2014,1.1070357950557592,Soft
39,61,54102,North,Savings,Auto Loan,2022-09-14,167331,20,40122,396370,Delinquent,0-30,good,low,1317,0.4221585891969624,Soft
40,24,112228,South,Loan,Personal Loan,2018-06-26,508219,10,43910,118874,Delinquent,0-30,good,low,2858,4.275274660564968,Soft
41,63,70556,North,Credit Card,Auto Loan,2020-07-28,609152,0,45185,358846,Current,Current,good,low,2095,1.69753041694766,Soft
42,26,81402,South,Credit Card,Credit Card,2022-05-23,498733,10,37196,335755,Delinquent,0-30,good,low,1431,1.4854075144078271,Soft
43,21,149744,South,Loan,Personal Loan,2017-11-30,222745,10,18120,498384,Delinquent,0-30,good,low,3066,0.44693449227904586,Soft
44,32,69936,South,Credit Card,Personal Loan,2019-01-21,796046,35,14413,192824,Delinquent,30-60,good,medium,2649,4.128355391445048,Soft
45,55,130363,North,Savings,Credit Card,2020-05-14,440628,50,41687,196314,Delinquent,30-60,good,medium,2170,2.2445062501910207,Soft
46,31,195057,South,Credit Card,Personal Loan,2023-02-25,699579,95,47090,187537,Charged-off,90+,bad,High,1153,3.73035187722956,Aggressive
47,43,156241,South,Loan,Credit Card,2018-10-30,496114,95,12151,52714,Charged-off,90+,bad,High,2732,9.4114277042152,Aggressive
48,34,133699,East,Savings,Auto Loan,2024-09-25,39616,0,27267,464786,Current,Current,good,low,575,0.08523492532047007,Soft
49,39,68772,North,Current,Credit Card,2017-07-23,414032,0,45743,369185,Current,Current,good,low,3196,1.1214756829231958,Soft
50,57,34814,South,Savings,Auto Loan,2018-03-25,666568,20,15578,83158,Delinquent,0-30,good,low,2951,8.01568099280887,Soft
51,36,61881,West,Savings,Credit Card,2024-06-28,579257,0,21605,426770,Current,Current,good,low,664,1.3573048714764393,Soft
52,64,37232,East,Credit Card,Personal Loan,2018-12-26,445210,0,1167,158391,Current,Current,good,low,2675,2.8108288981065845,Soft
53,48,115194,South,Current,Auto Loan,2019-04-02,752878,10,47431,117645,Delinquent,0-30,good,low,2578,6.3995749925623695,Soft
54,51,110657,East,Current,Personal Loan,2023-07-28,634115,70,2769,183087,Charged-off,60-90,bad,High,1000,3.4634627253709986,Aggressive
55,27,162791,North,Credit Card,Mortgage,2018-09-28,709685,0,37242,248320,Current,Current,good,low,2764,2.8579453930412373,Soft
56,47,56284,West,Current,Credit Card,2017-06-19,379814,70,40329,201531,Charged-off,60-90,bad,High,3230,1.8846430573956363,Aggressive
57,37,113133,South,Loan,Mortgage,2022-11-07,517007,0,44502,465997,Current,Current,good,low,1263,1.1094642240186097,Soft
58,27,51563,South,Credit Card,Auto Loan,2024-09-11,480501,0,42096,162533,Current,Current,good,low,589,2.9563288685989924,Soft
59,35,44654,West,Credit Card,Auto Loan,2017-03-30,792793,0,22266,156501,Current,Current,good,low,3311,5.065737599120772,Soft
60,60,90463,North,Savings,Mortgage,2021-12-09,86130,70,42057,48017,Charged-off,60-90,bad,High,1596,1.7937397171834975,Aggressive
61,32,51563,North,Loan,Personal Loan,2022-09-02,258414,0,49617,455355,Current,Current,good,low,1329,0.5675000823533287,Soft
62,28,144172,East,Credit Card,Auto Loan,2019-05-11,658033,0,41290,121772,Current,Current,good,low,2539,5.403812042177184,Soft
63,22,124628,East,Loan,Mortgage,2022-10-29,64214,0,37170,476005,Current,Current,good,low,1272,0.1349019443073077,Soft
64,64,101816,South,Savings,Mortgage,2019-04-28,39320,10,14430,235032,Delinquent,0-30,good,low,2552,0.1672963681541237,Soft
65,58,165647,West,Credit Card,Auto Loan,2023-03-04,696398,20,39092,178487,Delinquent,0-30,good,low,1146,3.9016735112361123,Soft
66,46,129756,South,Credit Card,Personal Loan,2024-04-21,373472,35,18657,336415,Delinquent,30-60,good,medium,732,1.1101526388537966,Soft
67,41,103234,South,Loan,Auto Loan,2019-06-02,693967,20,29631,152067,Delinquent,0-30,good,low,2517,4.563560798858398,Soft
68,33,62297,South,Credit Card,Personal Loan,2024-01-29,87033,0,1495,40765,Current,Current,good,low,815,2.1349932540169263,Soft
69,39,101516,East,Credit Card,Personal Loan,2022-10-31,688066,20,24676,300758,Delinquent,0-30,good,low,1270,2.287772893821611,Soft
70,38,52979,West,Credit Card,Credit Card,2018-06-18,253868,0,35899,295133,Current,Current,good,low,2866,0.8601816808015369,Soft
71,22,122234,North,Credit Card,Personal Loan,2022-10-22,210727,10,6662,278449,Delinquent,0-30,good,low,1279,0.7567884962775948,Soft
72,62,120922,West,Current,Mortgage,2019-03-16,332570,0,16511,223037,Current,Current,good,low,2595,1.4910978895878262,Soft
73,48,178637,West,Credit Card,Credit Card,2022-10-17,788486,0,15690,154585,Current,Current,good,low,1284,5.100663065627325,Soft
74,43,81022,West,Credit Card,Auto Loan,2024-02-20,741965,70,4777,152762,Charged-off,60-90,bad,High,793,4.85699977743156,Aggressive
75,24,141449,West,Credit Card,Mortgage,2018-08-24,710080,95,6567,312987,Charged-off,90+,bad,High,2799,2.2687204260879845,Aggressive
76,24,122930,West,Savings,Mortgage,2020-03-26,251249,70,41914,359593,Charged-off,60-90,bad,High,2219,0.6987038123656467,Aggressive
77,32,38325,East,Credit Card,Mortgage,2022-04-20,228503,50,10104,163647,Delinquent,30-60,good,medium,1464,1.3963164616522148,Soft
78,42,99904,East,Loan,Auto Loan,2022-09-14,612325,50,17021,108081,Delinquent,30-60,good,medium,1317,5.665426855784088,Soft
79,46,39116,West,Current,Mortgage,2018-06-21,575683,0,5771,112082,Current,Current,good,low,2863,5.136266305026677,Soft
80,60,120482,North,Credit Card,Personal Loan,2023-12-26,564859,35,10619,179184,Delinquent,30-60,good,medium,849,3.152396419323154,Soft
81,62,33465,West,Credit Card,Credit Card,2020-03-05,294678,120,48643,325876,Charged-off,90+,bad,High,2240,0.904264198652248,Aggressive
82,55,80306,South,Loan,Credit Card,2020-07-13,718227,35,44843,355367,Delinquent,30-60,good,medium,2110,2.021085244268601,Soft
83,24,131399,South,Savings,Personal Loan,2021-10-17,146280,120,22130,357878,Charged-off,90+,bad,High,1649,0.40874264414129957,Aggressive
84,32,75889,North,Current,Credit Card,2024-07-30,252968,0,44325,214594,Current,Current,good,low,632,1.1788214022759258,Soft
85,24,25400,North,Loan,Credit Card,2017-03-07,57372,50,19101,159971,Delinquent,30-60,good,medium,3334,0.35864000350063446,Soft
86,51,91317,East,Loan,Credit Card,2018-01-17,448400,20,45249,128755,Delinquent,0-30,good,low,3018,3.482583200652402,Soft
87,27,76664,North,Current,Credit Card,2020-10-28,541297,50,43439,451017,Delinquent,30-60,good,medium,2003,1.2001698383874666,Soft
88,30,142955,South,Loan,Personal Loan,2022-05-22,651659,0,46391,215997,Current,Current,good,low,1432,3.0169817173386666,Soft
89,44,144616,North,Savings,Mortgage,2021-11-22,392851,0,40744,352047,Current,Current,good,low,1613,1.1159049785966078,Soft
90,35,29851,North,Current,Auto Loan,2017-12-08,798549,20,6578,467221,Delinquent,0-30,good,low,3058,1.7091462070412076,Soft
91,59,172380,North,Current,Mortgage,2019-11-01,142503,35,35730,182190,Delinquent,30-60,good,medium,2365,0.7821669685493167,Soft
92,40,168460,West,Credit Card,Credit Card,2023-02-16,529029,0,29356,373865,Current,Current,good,low,1162,1.415026814491862,Soft
93,27,129089,South,Credit Card,Credit Card,2017-10-31,729840,70,23326,147943,Charged-off,60-90,bad,High,3096,4.933251319765045,Aggressive
94,33,42871,West,Loan,Personal Loan,2019-02-26,149442,0,12437,370648,Current,Current,good,low,2613,0.40319116790054177,Soft
95,48,75791,North,Savings,Mortgage,2022-06-28,316797,0,34053,350739,Current,Current,good,low,1395,0.9032271860272169,Soft
96,59,128258,South,Savings,Mortgage,2023-07-28,724649,70,41007,476670,Charged-off,60-90,bad,High,1000,1.5202320263494662,Aggressive
97,38,179239,South,Current,Auto Loan,2019-08-12,97448,0,27492,408829,Current,Current,good,low,2446,0.23835882483874676,Soft
98,31,147932,North,Current,Mortgage,2025-02-04,713203,0,33293,485140,Current,Current,good,low,443,1.4700972915034836,Soft
99,56,30525,West,Current,Auto Loan,2020-05-11,735357,20,23167,273064,Delinquent,0-30,good,low,2173,2.692984062344359,Soft
100,56,43390,South,Current,Personal Loan,2018-06-18,144022,0,24807,336721,Current,Current,good,low,2866,0.42771909087939275,Soft
101,22,173528,East,Loan,Personal Loan,2020-12-04,282077,20,17448,373397,Delinquent,0-30,good,low,1966,0.7554345642841266,Soft
102,37,132701,North,Savings,Credit Card,2021-06-20,153314,35,14905,130972,Delinquent,30-60,good,medium,1768,1.170586079467367,Soft
103,26,182125,East,Current,Auto Loan,2021-04-03,732486,50,39141,469907,Delinquent,30-60,good,medium,1846,1.5587892923493372,Soft
104,61,27603,North,Current,Auto Loan,2024-02-02,714709,50,10947,33782,Delinquent,30-60,good,medium,811,21.156503463382865,Soft
105,43,149152,West,Savings,Auto Loan,2020-11-19,623463,20,10297,182622,Delinquent,0-30,good,low,1981,3.4139534119656996,Soft
106,36,111163,East,Credit Card,Mortgage,2021-07-04,773122,50,14540,230640,Delinquent,30-60,good,medium,1754,3.352072493929934,Soft
107,61,177065,West,Savings,Personal Loan,2019-09-23,437656,20,10739,294006,Delinquent,0-30,good,low,2404,1.4885954708407312,Soft
108,46,156223,East,Current,Auto Loan,2020-12-11,724385,35,13773,77684,Delinquent,30-60,good,medium,1959,9.32476443025591,Soft
109,21,73971,North,Loan,Personal Loan,2022-05-05,273840,0,14600,122108,Current,Current,good,low,1449,2.242604907131392,Soft
110,56,153894,South,Credit Card,Auto Loan,2020-11-26,44401,0,18518,112810,Current,Current,good,low,1974,0.39359099370623174,Soft
111,50,179372,South,Credit Card,Personal Loan,2024-12-03,643034,0,47853,392814,Current,Current,good,low,506,1.6369935898415027,Soft
112,22,127136,North,Savings,Mortgage,2021-09-23,450119,70,41038,459896,Charged-off,60-90,bad,High,1673,0.9787408457564319,Aggressive
113,40,95490,North,Loan,Credit Card,2023-09-10,474880,50,39384,250228,Delinquent,30-60,good,medium,956,1.8977892162347938,Soft
114,25,83954,West,Savings,Credit Card,2020-05-12,400660,10,1695,324773,Delinquent,0-30,good,low,2172,1.2336616652246337,Soft
115,51,88579,North,Credit Card,Mortgage,2019-07-29,256270,120,8401,113102,Charged-off,90+,bad,High,2460,2.265830842955916,Aggressive
116,28,51811,South,Savings,Auto Loan,2021-12-26,773086,35,7815,150255,Delinquent,30-60,good,medium,1579,5.145159894845429,Soft
117,50,120583,North,Credit Card,Auto Loan,2018-08-04,593750,70,8241,372332,Charged-off,60-90,bad,High,2819,1.594678942449212,Aggressive
118,59,62842,West,Loan,Credit Card,2020-04-21,798053,35,35534,407836,Delinquent,30-60,good,medium,2193,1.95679881128689,Soft
119,22,199032,North,Credit Card,Mortgage,2019-10-23,44069,0,8415,325953,Current,Current,good,low,2374,0.13520047368792434,Soft
120,33,181986,North,Current,Credit Card,2017-09-21,52249,20,34572,167062,Delinquent,0-30,good,low,3136,0.3127521518957034,Soft
121,24,29269,East,Current,Credit Card,2021-08-09,455355,0,2296,375717,Current,Current,good,low,1718,1.2119627272654685,Soft
122,28,196800,North,Current,Mortgage,2019-12-15,495326,95,41459,281945,Charged-off,90+,bad,High,2321,1.756817819078189,Aggressive
123,59,104855,West,Savings,Credit Card,2023-10-18,651656,35,18342,405434,Delinquent,30-60,good,medium,918,1.6073047647705916,Soft
124,45,179295,West,Savings,Mortgage,2018-09-14,754688,70,23352,43930,Charged-off,60-90,bad,High,2778,17.179330753471433,Aggressive
125,27,115704,West,Current,Personal Loan,2017-12-07,734926,0,19936,187765,Current,Current,good,low,3059,3.914073442867414,Soft
126,34,54427,North,Credit Card,Mortgage,2019-11-03,796178,0,34536,27629,Current,Current,good,low,2363,28.816750515762422,Soft
127,49,127861,South,Current,Credit Card,2019-08-19,359582,70,45403,344701,Charged-off,60-90,bad,High,2439,1.043170747981584,Aggressive
128,41,147771,North,Credit Card,Mortgage,2022-01-30,699929,95,15386,325232,Charged-off,90+,bad,High,1544,2.1520914301175775,Aggressive
129,57,63138,South,Loan,Mortgage,2019-07-25,386202,0,35955,30256,Current,Current,good,low,2464,12.764476467477525,Soft
130,53,88518,North,Credit Card,Credit Card,2025-03-16,309969,0,9214,339615,Current,Current,good,low,403,0.9127070359083079,Soft
131,61,99757,West,Credit Card,Credit Card,2021-07-09,711884,0,12070,262130,Current,Current,good,low,1749,2.7157669858467175,Soft
132,45,126465,East,Savings,Personal Loan,2020-03-30,504440,50,1790,485541,Delinquent,30-60,good,medium,2215,1.038923592446364,Soft
133,34,193282,South,Credit Card,Mortgage,2022-08-14,469229,0,28786,124905,Current,Current,good,low,1348,3.7566870821824585,Soft
134,29,154038,East,Credit Card,Auto Loan,2022-09-02,5497,10,20053,352681,Delinquent,0-30,good,low,1329,0.015586323051142534,Soft
135,35,71026,West,Savings,Credit Card,2025-03-10,474264,70,46537,252239,Charged-off,60-90,bad,High,409,1.880216778531472,Aggressive
136,27,177229,South,Credit Card,Mortgage,2019-08-13,375901,0,36551,126288,Current,Current,good,low,2445,2.9765377549727607,Soft
137,22,179583,South,Savings,Personal Loan,2021-07-25,104800,0,33094,142859,Current,Current,good,low,1733,0.7335904633239768,Soft
138,51,114178,West,Current,Credit Card,2024-08-31,527685,95,38274,167802,Charged-off,90+,bad,High,600,3.144688382736797,Aggressive
139,27,198526,East,Current,Mortgage,2020-08-15,687860,0,43904,298525,Current,Current,good,low,2077,2.3041956285068252,Soft
140,61,54998,North,Loan,Credit Card,2020-01-14,689687,120,34957,496045,Charged-off,90+,bad,High,2291,1.3903718412644015,Aggressive
141,31,127015,South,Loan,Auto Loan,2024-01-16,609068,0,40689,402259,Current,Current,good,low,828,1.5141190128747897,Soft
142,33,189369,East,Credit Card,Mortgage,2022-06-05,260880,20,30335,490637,Delinquent,0-30,good,low,1418,0.531716931254675,Soft
143,33,158040,East,Savings,Mortgage,2021-08-25,741049,20,2693,230492,Delinquent,0-30,good,low,1702,3.2150747097513146,Soft
144,46,62507,North,Credit Card,Mortgage,2021-07-04,44763,50,39798,270855,Delinquent,30-60,good,medium,1754,0.16526554798693027,Soft
145,63,189369,South,Credit Card,Mortgage,2023-02-09,526524,35,9171,402555,Delinquent,30-60,good,medium,1169,1.3079554346611022,Soft
146,28,184508,North,Credit Card,Personal Loan,2017-01-31,107128,0,30956,358577,Current,Current,good,low,3369,0.298758704546025,Soft
147,34,78078,North,Credit Card,Auto Loan,2022-08-23,172068,0,14482,438058,Current,Current,good,low,1339,0.39279730081404746,Soft
148,22,111734,North,Credit Card,Auto Loan,2018-10-03,763534,10,9377,176643,Delinquent,0-30,good,low,2759,4.322469613853931,Soft
149,62,69630,South,Savings,Credit Card,2023-06-06,534835,0,29131,85115,Current,Current,good,low,1052,6.283675027903425,Soft
150,35,78005,South,Credit Card,Personal Loan,2019-01-23,205207,50,22387,435120,Delinquent,30-60,good,medium,2647,0.471610130538702,Soft
151,44,47422,West,Credit Card,Auto Loan,2022-06-18,267001,20,32154,134338,Delinquent,0-30,good,low,1405,1.9875314505203294,Soft
152,54,176950,East,Savings,Mortgage,2022-09-13,500843,35,24938,434084,Delinquent,30-60,good,medium,1318,1.1537928142940077,Soft
153,24,84589,East,Savings,Personal Loan,2020-10-03,579441,0,42564,69098,Current,Current,good,low,2028,8.385785406234623,Soft
154,38,165916,East,Loan,Mortgage,2021-07-08,637344,0,29624,249853,Current,Current,good,low,1750,2.5508759150380422,Soft
155,45,184178,North,Current,Credit Card,2024-04-13,350202,70,49445,457994,Charged-off,60-90,bad,High,740,0.7646432049328157,Aggressive
156,44,67454,East,Savings,Mortgage,2023-05-08,689142,0,36366,122537,Current,Current,good,low,1081,5.623950317047096,Soft
157,26,55491,East,Savings,Auto Loan,2022-04-20,661423,50,32323,47153,Delinquent,30-60,good,medium,1464,14.027166882276843,Soft
158,54,145126,West,Current,Credit Card,2017-11-27,295322,20,11496,414538,Delinquent,0-30,good,low,3069,0.712412372327748,Soft
159,58,137214,South,Loan,Auto Loan,2022-06-20,687342,120,36321,51098,Charged-off,90+,bad,High,1403,13.45144624055736,Aggressive
160,23,161336,North,Current,Credit Card,2021-06-11,542214,0,26543,22881,Current,Current,good,low,1777,23.697128622000786,Soft
161,39,40044,West,Savings,Mortgage,2019-01-23,193233,0,13399,214655,Current,Current,good,low,2647,0.9002026507651814,Soft
162,56,65137,West,Current,Mortgage,2018-02-06,46752,95,42158,338963,Charged-off,90+,bad,High,2998,0.13792655835592676,Aggressive
163,39,47202,West,Loan,Personal Loan,2025-01-21,259716,0,27110,67635,Current,Current,good,low,457,3.8399645154136173,Soft
164,48,143323,North,Current,Personal Loan,2017-01-23,49618,20,12917,338013,Delinquent,0-30,good,low,3377,0.14679317067686745,Soft
165,30,32638,West,Savings,Personal Loan,2018-09-11,736499,0,32412,98243,Current,Current,good,low,2781,7.496707144529381,Soft
166,38,91672,North,Savings,Mortgage,2017-08-24,695477,10,28699,228866,Delinquent,0-30,good,low,3164,3.038795627135529,Soft
167,24,122769,North,Loan,Mortgage,2023-12-06,651276,120,48030,303071,Charged-off,90+,bad,High,869,2.148922199748574,Aggressive
168,32,110908,East,Savings,Credit Card,2024-08-31,103620,0,30501,360768,Current,Current,good,low,600,0.28722059606173495,Soft
169,47,127091,West,Savings,Mortgage,2022-10-19,86401,0,47648,483230,Current,Current,good,low,1282,0.1787989156302382,Soft
170,49,136553,East,Loan,Auto Loan,2018-08-31,504517,120,13811,185536,Charged-off,90+,bad,High,2792,2.719240470852018,Aggressive
171,32,142414,East,Credit Card,Mortgage,2022-09-29,726947,0,26414,454642,Current,Current,good,low,1302,1.5989437843402061,Soft
172,31,46399,West,Savings,Mortgage,2018-12-14,642302,95,33950,77891,Charged-off,90+,bad,High,2687,8.246164511946182,Aggressive
173,24,50672,South,Loan,Mortgage,2020-05-04,312870,35,17832,131262,Delinquent,30-60,good,medium,2180,2.383553503679664,Soft
174,44,112319,South,Credit Card,Auto Loan,2020-06-10,151192,70,12120,22710,Charged-off,60-90,bad,High,2143,6.6575077058564505,Aggressive
175,46,77113,West,Current,Personal Loan,2024-09-11,305501,10,20386,72625,Delinquent,0-30,good,low,589,4.206554216867469,Soft
176,48,125872,West,Loan,Mortgage,2017-05-16,374827,0,11529,419950,Current,Current,good,low,3264,0.8925514942255031,Soft
177,24,124190,North,Credit Card,Mortgage,2024-04-06,177609,35,18956,393842,Delinquent,30-60,good,medium,747,0.4509651078351217,Soft
178,56,43041,North,Loan,Mortgage,2017-04-12,463332,35,9384,417655,Delinquent,30-60,good,medium,3298,1.109365385306054,Soft
179,35,31235,North,Credit Card,Auto Loan,2017-06-20,13286,0,45683,328726,Current,Current,good,low,3229,0.04041663878123422,Soft
180,42,49409,North,Credit Card,Mortgage,2021-07-22,670703,0,27552,222082,Current,Current,good,low,1736,3.0200691636422583,Soft
181,44,35926,South,Credit Card,Personal Loan,2020-01-29,734763,0,3652,324744,Current,Current,good,low,2276,2.2625914566550884,Soft
182,44,126850,West,Credit Card,Auto Loan,2024-08-18,743256,50,38721,488862,Delinquent,30-60,good,medium,613,1.520379984535513,Soft
183,57,179652,North,Savings,Personal Loan,2021-01-30,266815,35,21035,315977,Delinquent,30-60,good,medium,1909,0.8444127262427329,Soft
184,25,85853,West,Savings,Personal Loan,2018-09-10,442137,0,40954,104168,Current,Current,good,low,2782,4.244460870900853,Soft
185,26,105362,North,Loan,Mortgage,2021-08-14,541995,0,30211,480920,Current,Current,good,low,1713,1.1269961739998338,Soft
186,30,57166,West,Current,Mortgage,2018-11-10,155298,0,15394,143427,Current,Current,good,low,2721,1.0827668430630215,Soft
187,23,29837,South,Current,Auto Loan,2018-09-20,266477,10,20213,24775,Delinquent,0-30,good,low,2772,10.755882946518668,Soft
188,58,78738,South,Savings,Credit Card,2024-06-19,762928,50,12718,61502,Delinquent,30-60,good,medium,673,12.40492992097818,Soft
189,54,118701,North,Credit Card,Credit Card,2022-01-14,274629,0,30740,229655,Current,Current,good,low,1560,1.1958328797544142,Soft
190,26,180056,West,Loan,Credit Card,2021-02-25,706103,0,30932,405637,Current,Current,good,low,1883,1.740726314414119,Soft
191,30,142736,West,Current,Credit Card,2017-10-24,583767,70,16144,471956,Charged-off,60-90,bad,High,3103,1.2369097966759612,Aggressive
192,36,72456,East,Loan,Personal Loan,2024-09-04,637422,0,9032,398771,Current,Current,good,low,596,1.5984662876688627,Soft
193,49,140210,West,Credit Card,Credit Card,2021-09-24,623080,0,49732,244410,Current,Current,good,low,1672,2.54932285913015,Soft
194,23,92236,North,Credit Card,Auto Loan,2020-01-05,106875,50,29945,79574,Delinquent,30-60,good,medium,2300,1.3430894513283234,Soft
195,31,100346,South,Loan,Personal Loan,2023-11-06,512185,0,26787,305410,Current,Current,good,low,899,1.6770406993877083,Soft
196,57,118553,West,Current,Mortgage,2018-05-27,737520,50,38039,250115,Delinquent,30-60,good,medium,2888,2.948723587149911,Soft
197,24,196022,North,Current,Credit Card,2023-05-28,743550,0,2782,249654,Current,Current,good,low,1061,2.9783219976447404,Soft
198,24,34726,West,Current,Credit Card,2017-04-23,553558,20,44286,23857,Delinquent,0-30,good,low,3287,23.203168881250786,Soft
199,44,121098,East,Credit Card,Credit Card,2020-07-29,242125,120,30052,329067,Charged-off,90+,bad,High,2094,0.7357924070174159,Aggressive
200,48,198052,West,Credit Card,Credit Card,2022-05-07,285325,0,31317,196039,Current,Current,good,low,1447,1.4554501910334168,Soft
201,55,47329,West,Loan,Auto Loan,2021-01-20,338910,35,9661,427966,Delinquent,30-60,good,medium,1919,0.7919087030278106,Soft
202,58,155732,South,Savings,Auto Loan,2019-07-05,609072,0,1213,90332,Current,Current,good,low,2484,6.742593986627109,Soft
203,44,26015,South,Current,Personal Loan,2020-06-10,640518,35,29619,452640,Delinquent,30-60,good,medium,2143,1.4150715800636267,Soft
204,42,63625,West,Loan,Mortgage,2017-06-10,279257,35,12356,128591,Delinquent,30-60,good,medium,3239,2.171668312712398,Soft
205,46,131549,South,Loan,Credit Card,2017-06-16,523390,0,31973,149407,Current,Current,good,low,3233,3.503115650538462,Soft
206,38,117526,East,Loan,Mortgage,2023-11-27,32550,10,29350,495177,Delinquent,0-30,good,low,878,0.06573407084739397,Soft
207,23,163402,West,Savings,Credit Card,2021-10-29,310491,50,5152,352784,Delinquent,30-60,good,medium,1637,0.8801164451902581,Soft
208,31,90549,East,Loan,Personal Loan,2019-01-02,331790,50,9669,80185,Delinquent,30-60,good,medium,2668,4.137806322878344,Soft
209,29,144861,East,Credit Card,Auto Loan,2024-05-24,74466,0,14542,312810,Current,Current,good,low,699,0.23805504939100414,Soft
210,53,195587,East,Savings,Mortgage,2018-09-25,797129,0,8171,394506,Current,Current,good,low,2767,2.020575098984553,Soft
211,46,76681,West,Loan,Mortgage,2022-07-25,606088,20,2001,342347,Delinquent,0-30,good,low,1368,1.7703908607348684,Soft
212,56,142931,East,Credit Card,Personal Loan,2024-07-25,264803,10,15733,372895,Delinquent,0-30,good,low,637,0.7101275157886269,Soft
213,24,119672,North,Savings,Credit Card,2020-07-08,53995,70,45840,22828,Charged-off,60-90,bad,High,2115,2.3652970036796916,Aggressive
214,22,84719,East,Savings,Credit Card,2022-08-28,592101,50,22139,240120,Delinquent,30-60,good,medium,1334,2.4658545727136434,Soft
215,28,191745,North,Current,Mortgage,2019-04-01,556686,35,23565,254774,Delinquent,30-60,good,medium,2579,2.185018879477498,Soft
216,27,80722,West,Savings,Mortgage,2025-01-19,24912,10,29161,322592,Delinquent,0-30,good,low,459,0.07722448169824422,Soft
217,56,26536,North,Savings,Auto Loan,2019-06-28,60249,95,37213,60609,Charged-off,90+,bad,High,2491,0.9940602880760283,Aggressive
218,54,163194,East,Current,Personal Loan,2019-05-16,19682,35,39747,408285,Delinquent,30-60,good,medium,2534,0.0482065224046928,Soft
219,60,191467,North,Loan,Credit Card,2017-01-23,749626,120,31265,85351,Charged-off,90+,bad,High,3377,8.78286136073391,Aggressive
220,39,81883,North,Current,Personal Loan,2020-12-12,598611,10,3493,38070,Delinquent,0-30,good,low,1958,15.723955870764382,Soft
221,49,141782,North,Credit Card,Personal Loan,2023-10-28,144944,120,44362,265373,Charged-off,90+,bad,High,908,0.5461897027956876,Aggressive
222,59,76532,West,Loan,Credit Card,2017-05-25,192889,120,14705,146837,Charged-off,90+,bad,High,3255,1.3136266744757792,Aggressive
223,26,151916,West,Savings,Credit Card,2021-12-06,562843,35,14523,377190,Delinquent,30-60,good,medium,1599,1.4922002173970679,Soft
224,30,75479,North,Current,Mortgage,2017-05-10,239685,0,37212,204100,Current,Current,good,low,3270,1.1743508084272416,Soft
225,61,156473,South,Savings,Credit Card,2018-03-12,478725,0,49699,433604,Current,Current,good,low,2964,1.1040603868967998,Soft
226,62,181308,West,Loan,Auto Loan,2017-06-18,548976,20,15019,409075,Delinquent,0-30,good,low,3231,1.3419935219702988,Soft
227,25,136892,East,Credit Card,Credit Card,2018-02-01,59471,0,45858,120930,Current,Current,good,low,3003,0.49178036880840154,Soft
228,44,41410,East,Savings,Personal Loan,2019-04-15,440371,0,39029,213593,Current,Current,good,low,2565,2.061729551062067,Soft
229,61,64288,South,Savings,Credit Card,2019-02-13,290532,10,17176,161324,Delinquent,0-30,good,low,2626,1.8009223674096848,Soft
230,42,180000,South,Credit Card,Auto Loan,2021-01-16,159213,70,46770,391774,Charged-off,60-90,bad,High,1923,0.40638990846763695,Aggressive
231,46,162875,South,Credit Card,Credit Card,2019-05-26,673235,0,45768,326092,Current,Current,good,low,2524,2.0645554015431227,Soft
232,57,152481,North,Savings,Credit Card,2021-06-21,419078,50,3407,51500,Delinquent,30-60,good,medium,1767,8.137436893203883,Soft
233,49,139093,South,Credit Card,Credit Card,2023-06-19,543390,70,37219,380564,Charged-off,60-90,bad,High,1039,1.4278544476093378,Aggressive
234,56,27240,North,Credit Card,Auto Loan,2024-09-16,42544,70,23984,156721,Charged-off,60-90,bad,High,584,0.27146330102538907,Aggressive
235,40,71099,North,Credit Card,Credit Card,2017-03-21,297261,20,39293,321601,Delinquent,0-30,good,low,3320,0.9243161557333466,Soft
236,38,94533,North,Credit Card,Mortgage,2017-12-16,59646,0,4759,106994,Current,Current,good,low,3050,0.5574705123651793,Soft
237,60,37739,South,Credit Card,Personal Loan,2017-08-16,413593,35,38937,193246,Delinquent,30-60,good,medium,3172,2.140240936423005,Soft
238,61,66361,North,Credit Card,Auto Loan,2021-06-03,184983,20,41289,290126,Delinquent,0-30,good,low,1785,0.6375953895893508,Soft
239,35,62841,West,Current,Mortgage,2017-05-15,452880,0,31074,423240,Current,Current,good,low,3265,1.0700311879784519,Soft
240,35,163147,South,Credit Card,Personal Loan,2024-10-15,648703,70,47745,201146,Charged-off,60-90,bad,High,555,3.2250355463195888,Aggressive
241,44,63673,North,Current,Auto Loan,2019-12-05,710300,50,4084,266746,Delinquent,30-60,good,medium,2331,2.662832807239846,Soft
242,49,41026,West,Credit Card,Credit Card,2020-11-24,622831,0,33797,247978,Current,Current,good,low,1976,2.5116381291888796,Soft
243,37,185138,East,Current,Mortgage,2021-06-28,199474,20,14017,303946,Delinquent,0-30,good,low,1760,0.6562810499233417,Soft
244,45,119756,West,Savings,Mortgage,2021-09-16,404901,70,29513,260943,Charged-off,60-90,bad,High,1680,1.5516837010381577,Aggressive
245,36,108626,West,Credit Card,Mortgage,2023-11-13,285070,0,24125,85493,Current,Current,good,low,892,3.3344250406466025,Soft
246,37,79213,East,Current,Credit Card,2017-05-18,55350,20,30286,493695,Delinquent,0-30,good,low,3262,0.11211375444353296,Soft
247,41,70845,East,Loan,Credit Card,2017-08-29,362633,10,37596,53693,Delinquent,0-30,good,low,3159,6.753822658447097,Soft
248,64,161929,South,Savings,Mortgage,2021-05-06,742223,70,35482,297824,Charged-off,60-90,bad,High,1813,2.4921530837004404,Aggressive
249,47,159632,South,Credit Card,Credit Card,2024-09-05,369524,20,5983,493215,Delinquent,0-30,good,low,595,0.7492148454527944,Soft
250,25,25906,West,Loan,Credit Card,2023-03-14,692747,20,23800,196604,Delinquent,0-30,good,low,1136,3.52356513600944,Soft
251,42,118052,South,Savings,Mortgage,2022-06-01,173002,0,26333,430923,Current,Current,good,low,1422,0.4014684758065826,Soft
252,53,164397,East,Savings,Auto Loan,2024-10-20,289039,0,8062,158145,Current,Current,good,low,550,1.827683455057068,Soft
253,60,102508,South,Loan,Credit Card,2018-11-12,586892,10,18851,50168,Delinquent,0-30,good,low,2719,11.69853292935736,Soft
254,22,76073,West,Credit Card,Mortgage,2019-04-14,775963,0,42882,38947,Current,Current,good,low,2566,19.923562790458828,Soft
255,55,75650,East,Savings,Credit Card,2018-01-03,556430,35,21069,177165,Delinquent,30-60,good,medium,3032,3.14074450371123,Soft
256,63,113114,North,Savings,Mortgage,2023-08-01,299720,70,3144,61059,Charged-off,60-90,bad,High,996,4.908694868897296,Aggressive
257,39,134293,East,Credit Card,Personal Loan,2021-10-19,481254,0,22820,288553,Current,Current,good,low,1647,1.667818390382356,Soft
258,60,100722,East,Savings,Mortgage,2019-01-10,76347,50,44919,408887,Delinquent,30-60,good,medium,2660,0.1867190690826561,Soft
259,47,97185,North,Credit Card,Personal Loan,2019-10-18,424479,120,5817,64814,Charged-off,90+,bad,High,2379,6.549186904063937,Aggressive
260,60,196701,West,Credit Card,Personal Loan,2021-07-04,94609,50,32250,337737,Delinquent,30-60,good,medium,1754,0.28012625208372194,Soft
261,56,112725,North,Loan,Mortgage,2023-05-05,360288,10,5807,76738,Delinquent,0-30,good,low,1084,4.695040266882119,Soft
262,59,75758,East,Loan,Auto Loan,2021-02-24,63417,70,7643,189965,Charged-off,60-90,bad,High,1884,0.3338351801647672,Aggressive
263,22,74418,West,Loan,Personal Loan,2021-08-06,314498,0,40459,245960,Current,Current,good,low,1721,1.2786550658643683,Soft
264,61,116143,South,Loan,Credit Card,2018-11-18,453039,35,30759,91254,Delinquent,30-60,good,medium,2713,4.964593332894997,Soft
265,38,130899,South,Savings,Personal Loan,2019-07-25,375082,0,14430,389274,Current,Current,good,low,2464,0.9635423891654722,Soft
266,43,172226,South,Credit Card,Personal Loan,2018-02-02,743858,0,30166,89985,Current,Current,good,low,3002,8.266466633327777,Soft
267,46,179413,West,Savings,Credit Card,2020-04-23,536693,0,5281,305287,Current,Current,good,low,2191,1.757994935912764,Soft
268,31,76630,South,Credit Card,Personal Loan,2023-12-11,438216,0,28968,364286,Current,Current,good,low,864,1.2029449388667146,Soft
269,21,36889,West,Credit Card,Personal Loan,2017-10-30,50894,0,5815,365258,Current,Current,good,low,3097,0.1393371260862185,Soft
270,56,143658,West,Loan,Mortgage,2021-10-13,685599,35,32150,251576,Delinquent,30-60,good,medium,1653,2.7252162368429422,Soft
271,40,199381,West,Current,Auto Loan,2017-08-08,611203,70,3297,76711,Charged-off,60-90,bad,High,3180,7.9676056888842535,Aggressive
272,51,141997,South,Credit Card,Credit Card,2023-08-13,520819,10,46295,101283,Delinquent,0-30,good,low,984,5.142215376716725,Soft
273,28,25826,East,Savings,Credit Card,2017-02-20,394213,20,4221,453894,Delinquent,0-30,good,low,3349,0.8685133533380041,Soft
274,60,145721,West,Credit Card,Auto Loan,2021-05-20,513935,95,18728,30952,Charged-off,90+,bad,High,1799,16.604258206254848,Aggressive
275,44,120234,North,Credit Card,Credit Card,2020-05-21,33134,20,23293,256807,Delinquent,0-30,good,low,2163,0.12902296276970643,Soft
276,40,42602,East,Current,Personal Loan,2023-10-25,207170,50,4752,353178,Delinquent,30-60,good,medium,911,0.5865880660743308,Soft
277,35,48060,West,Current,Mortgage,2018-08-14,297407,0,3103,464538,Current,Current,good,low,2809,0.6402210368150721,Soft
278,50,55593,South,Loan,Personal Loan,2023-07-02,516649,0,2850,388577,Current,Current,good,low,1026,1.329592333051107,Soft
279,40,107790,West,Loan,Mortgage,2023-03-15,477372,0,27426,206811,Current,Current,good,low,1135,2.3082524623931997,Soft
280,58,128752,East,Credit Card,Auto Loan,2023-06-05,552312,70,38985,253583,Charged-off,60-90,bad,High,1053,2.1780324390830614,Aggressive
281,22,73010,South,Current,Auto Loan,2019-03-03,390835,20,42894,388314,Delinquent,0-30,good,low,2608,1.0064921687088284,Soft
282,26,167375,North,Current,Credit Card,2018-05-22,235662,20,14033,240753,Delinquent,0-30,good,low,2893,0.9788538460579931,Soft
283,62,37938,South,Credit Card,Auto Loan,2022-08-04,730373,70,13911,241002,Charged-off,60-90,bad,High,1358,3.0305682110521905,Aggressive
284,38,145461,South,Savings,Mortgage,2023-09-06,484674,70,11299,257768,Charged-off,60-90,bad,High,960,1.8802721827379658,Aggressive
285,56,68625,East,Current,Personal Loan,2020-05-09,33091,35,47096,191042,Delinquent,30-60,good,medium,2175,0.173213220129605,Soft
286,34,108584,South,Current,Credit Card,2019-03-26,211647,120,32534,80035,Charged-off,90+,bad,High,2585,2.6444305616292874,Aggressive
287,46,72124,North,Current,Auto Loan,2024-12-18,198424,95,34214,63353,Charged-off,90+,bad,High,491,3.1320379461114705,Aggressive
288,54,143609,West,Credit Card,Personal Loan,2021-02-17,704453,0,7581,126742,Current,Current,good,low,1891,5.558165406889587,Soft
289,50,131807,East,Loan,Personal Loan,2018-06-18,42294,0,38669,497777,Current,Current,good,low,2866,0.0849657577589965,Soft
290,27,183635,East,Current,Credit Card,2019-03-25,587013,0,32622,151652,Current,Current,good,low,2586,3.8707897027404847,Soft
291,50,172945,North,Savings,Auto Loan,2020-10-02,400772,50,5340,486090,Delinquent,30-60,good,medium,2029,0.8244810631776008,Soft
292,38,166567,North,Current,Personal Loan,2022-03-25,407555,0,16741,192950,Current,Current,good,low,1490,2.1122311479657943,Soft
293,42,196012,North,Current,Personal Loan,2019-08-29,604043,0,3465,86662,Current,Current,good,low,2429,6.970102236274261,Soft
294,37,83424,North,Credit Card,Personal Loan,2025-02-28,373838,0,14079,216889,Current,Current,good,low,419,1.7236374366611493,Soft
295,51,56295,West,Savings,Credit Card,2017-02-19,59717,20,35075,78825,Delinquent,0-30,good,low,3350,0.7575895972090073,Soft
296,37,56276,East,Current,Mortgage,2017-02-21,308720,10,48533,262974,Delinquent,0-30,good,low,3348,1.1739563607048606,Soft
297,51,175602,North,Current,Credit Card,2017-01-17,731064,120,43260,150904,Charged-off,90+,bad,High,3383,4.844563431055506,Aggressive
298,33,96168,North,Credit Card,Mortgage,2017-10-30,308559,0,31767,237308,Current,Current,good,low,3097,1.300246936470747,Soft
299,47,176808,North,Savings,Auto Loan,2021-06-14,578469,0,22382,466265,Current,Current,good,low,1774,1.240644268817089,Soft
300,40,49978,North,Credit Card,Auto Loan,2022-10-23,678509,35,23297,101113,Delinquent,30-60,good,medium,1278,6.710403212247683,Soft
301,37,78565,South,Credit Card,Mortgage,2017-12-06,17555,0,11759,488026,Current,Current,good,low,3060,0.035971444144369355,Soft
302,49,67059,West,Current,Mortgage,2023-10-12,682792,50,22465,370446,Delinquent,30-60,good,medium,924,1.8431620263142265,Soft
303,59,181953,South,Savings,Credit Card,2018-03-04,233335,0,25946,122253,Current,Current,good,low,2972,1.9086239192494254,Soft
304,55,120079,North,Credit Card,Personal Loan,2021-06-27,425077,0,5082,393054,Current,Current,good,low,1761,1.0814722658973068,Soft
305,28,98356,South,Loan,Auto Loan,2022-01-16,676894,95,25685,245722,Charged-off,90+,bad,High,1558,2.7547146775624487,Aggressive
306,63,153596,East,Credit Card,Credit Card,2018-05-15,284224,0,28236,66960,Current,Current,good,low,2900,4.24468339307049,Soft
307,58,130529,North,Savings,Auto Loan,2024-03-30,283247,0,35059,394943,Current,Current,good,low,754,0.7171845051058001,Soft
308,35,184215,South,Credit Card,Mortgage,2022-01-25,319195,10,49781,389206,Delinquent,0-30,good,low,1549,0.8201183948859987,Soft
309,21,197207,North,Savings,Mortgage,2020-02-25,754931,0,42863,224348,Current,Current,good,low,2249,3.364999910852782,Soft
310,53,157475,East,Savings,Credit Card,2024-07-11,100852,0,18706,495920,Current,Current,good,low,651,0.20336344571705114,Soft
311,23,151641,South,Credit Card,Mortgage,2021-04-27,505230,0,4121,194361,Current,Current,good,low,1822,2.599441245928967,Soft
312,59,50567,North,Credit Card,Credit Card,2025-03-14,541240,10,39584,200587,Delinquent,0-30,good,low,405,2.6982805465957416,Soft
313,58,193042,East,Loan,Credit Card,2025-02-02,369026,0,23190,319412,Current,Current,good,low,445,1.1553291673449964,Soft
314,35,31416,North,Credit Card,Personal Loan,2020-12-16,255963,0,17135,254490,Current,Current,good,low,1954,1.0057880466815985,Soft
315,62,97943,West,Credit Card,Personal Loan,2020-08-15,344575,0,14786,112547,Current,Current,good,low,2077,3.0616098163433945,Soft
316,38,157696,West,Current,Personal Loan,2017-05-09,185742,0,6447,310917,Current,Current,good,low,3271,0.5974005924410695,Soft
317,58,150802,East,Loan,Mortgage,2021-06-18,389997,0,39560,143314,Current,Current,good,low,1770,2.7212763582064556,Soft
318,51,186956,North,Savings,Auto Loan,2019-03-19,296911,50,47551,467612,Delinquent,30-60,good,medium,2592,0.6349516265621926,Soft
319,40,124967,North,Credit Card,Auto Loan,2023-12-04,369801,20,46050,272453,Delinquent,0-30,good,low,871,1.3573019933713337,Soft
320,27,81651,South,Credit Card,Personal Loan,2019-12-16,667097,0,33082,374461,Current,Current,good,low,2320,1.7814859224325097,Soft
321,57,105140,North,Loan,Personal Loan,2024-03-22,612471,10,1946,220352,Delinquent,0-30,good,low,762,2.7795118719140284,Soft
322,47,190806,West,Current,Auto Loan,2019-05-10,381725,20,34892,452406,Delinquent,0-30,good,low,2540,0.8437664398792235,Soft
323,28,65669,West,Current,Mortgage,2017-03-07,523173,50,21113,275493,Delinquent,30-60,good,medium,3334,1.899042806895275,Soft
324,34,187736,East,Credit Card,Personal Loan,2018-05-07,749689,120,14726,56045,Charged-off,90+,bad,High,2908,13.376554554375948,Aggressive
325,35,108821,East,Loan,Mortgage,2022-07-05,789698,120,7381,378632,Charged-off,90+,bad,High,1388,2.085661011219337,Aggressive
326,27,137702,East,Current,Mortgage,2020-07-28,757943,0,36881,289605,Current,Current,good,low,2095,2.61716130591668,Soft
327,53,154055,South,Current,Mortgage,2020-10-20,216371,50,44816,161734,Delinquent,30-60,good,medium,2011,1.3378201244017955,Soft
328,54,122952,North,Savings,Auto Loan,2021-09-05,469230,0,12088,30947,Current,Current,good,low,1691,15.162374382007949,Soft
329,24,52013,South,Current,Auto Loan,2019-10-07,471388,0,9303,217384,Current,Current,good,low,2390,2.168457660177382,Soft
330,21,194971,West,Credit Card,Mortgage,2017-03-02,557707,35,20187,241192,Delinquent,30-60,good,medium,3339,2.312294769312415,Soft
331,61,131115,East,Savings,Credit Card,2024-12-13,536286,0,31244,291851,Current,Current,good,low,496,1.837533535948138,Soft
332,34,163802,South,Credit Card,Auto Loan,2021-10-04,777167,50,42300,181422,Delinquent,30-60,good,medium,1662,4.283752797345415,Soft
333,51,157750,West,Loan,Credit Card,2020-03-22,60123,50,26549,130014,Delinquent,30-60,good,medium,2223,0.4624348147122618,Soft
334,58,114390,North,Savings,Mortgage,2024-03-07,446721,35,45289,408588,Delinquent,30-60,good,medium,777,1.0933287321213545,Soft
335,40,56059,East,Loan,Auto Loan,2022-06-06,687924,0,12337,39701,Current,Current,good,low,1417,17.32762398932017,Soft
336,23,51208,East,Credit Card,Mortgage,2024-10-28,98496,0,5924,412878,Current,Current,good,low,542,0.23855957449900456,Soft
337,55,120014,North,Credit Card,Auto Loan,2017-03-25,712895,35,3860,241677,Delinquent,30-60,good,medium,3316,2.949784216123173,Soft
338,53,153073,North,Current,Personal Loan,2023-08-28,380199,95,12248,212865,Charged-off,90+,bad,High,969,1.7861038686491437,Aggressive
339,35,172074,North,Savings,Personal Loan,2025-02-27,84818,35,3008,489594,Delinquent,30-60,good,medium,420,0.17324150214259162,Soft
340,23,99977,East,Current,Credit Card,2021-11-17,798043,0,45738,140914,Current,Current,good,low,1618,5.6633336645045915,Soft
341,48,108992,South,Credit Card,Mortgage,2019-07-01,292194,0,30249,187618,Current,Current,good,low,2488,1.5573878838917374,Soft
342,47,105859,South,Credit Card,Credit Card,2021-12-22,507828,0,9437,429722,Current,Current,good,low,1583,1.1817593700113096,Soft
343,53,178338,West,Credit Card,Mortgage,2023-05-19,439246,0,2189,107833,Current,Current,good,low,1070,4.073391262415031,Soft
344,39,151330,West,Credit Card,Mortgage,2017-02-25,92442,120,42770,104864,Charged-off,90+,bad,High,3344,0.8815418065303632,Aggressive
345,53,93878,West,Current,Mortgage,2021-04-10,402356,70,6083,46978,Charged-off,60-90,bad,High,1839,8.564775001064328,Aggressive
346,51,107179,West,Current,Personal Loan,2024-07-16,464685,0,20407,180965,Current,Current,good,low,646,2.567816981184207,Soft
347,24,49163,North,Credit Card,Credit Card,2020-03-23,481845,35,6675,292032,Delinquent,30-60,good,medium,2222,1.6499732905982907,Soft
348,52,107027,East,Savings,Personal Loan,2024-08-09,514314,10,34690,99912,Delinquent,0-30,good,low,622,5.147669949555609,Soft
349,62,155968,East,Savings,Personal Loan,2017-05-01,404636,20,41086,76445,Delinquent,0-30,good,low,3279,5.293165020603048,Soft
350,48,58407,East,Loan,Personal Loan,2018-06-15,260466,10,34315,200763,Delinquent,0-30,good,low,2869,1.2973804934176119,Soft
351,36,199521,South,Credit Card,Personal Loan,2018-01-23,184026,120,14341,272212,Charged-off,90+,bad,High,3012,0.6760392635152014,Aggressive
352,63,97738,South,Savings,Personal Loan,2024-09-06,233914,0,6517,180103,Current,Current,good,low,594,1.2987790319983565,Soft
353,48,135043,West,Savings,Mortgage,2024-12-15,721163,0,5464,205011,Current,Current,good,low,494,3.51767953914668,Soft
354,35,36380,East,Current,Personal Loan,2023-04-22,394717,70,26023,63915,Charged-off,60-90,bad,High,1097,6.1756551670186965,Aggressive
355,42,166848,West,Current,Mortgage,2017-04-14,472111,0,33033,49184,Current,Current,good,low,3296,9.598873617436565,Soft
356,51,53677,East,Current,Auto Loan,2024-07-10,68595,35,20929,438524,Delinquent,30-60,good,medium,652,0.15642245350311498,Soft
357,41,191495,East,Credit Card,Auto Loan,2019-06-11,153327,0,2298,189305,Current,Current,good,low,2508,0.8099469110694382,Soft
358,52,42993,South,Credit Card,Auto Loan,2022-07-12,696454,50,25311,76854,Delinquent,30-60,good,medium,1381,9.062039711661072,Soft
359,27,63242,South,Credit Card,Auto Loan,2017-02-05,308753,20,37939,111122,Delinquent,0-30,good,low,3364,2.7785047065387594,Soft
360,53,96346,East,Credit Card,Mortgage,2023-08-20,564826,0,30764,459766,Current,Current,good,low,977,1.2285075451425291,Soft
361,28,141678,South,Credit Card,Credit Card,2024-07-10,38598,0,49955,450736,Current,Current,good,low,652,0.08563327535408753,Soft
362,34,161694,East,Credit Card,Credit Card,2017-05-25,328821,0,8716,229686,Current,Current,good,low,3255,1.43161098194927,Soft
363,45,29021,South,Credit Card,Personal Loan,2021-07-21,272762,50,25969,295544,Delinquent,30-60,good,medium,1737,0.9229150312643802,Soft
364,52,48259,East,Current,Credit Card,2020-04-23,265354,0,37641,378055,Current,Current,good,low,2191,0.7018925817672031,Soft
365,48,35349,South,Current,Credit Card,2018-02-17,259201,0,43152,260032,Current,Current,good,low,2987,0.9968042394782181,Soft
366,22,192591,South,Loan,Personal Loan,2024-01-29,783438,0,45673,170324,Current,Current,good,low,815,4.599692351048589,Soft
367,37,58667,North,Current,Credit Card,2022-03-01,422194,70,44336,264530,Charged-off,60-90,bad,High,1514,1.5960155747930291,Aggressive
368,47,144142,East,Current,Personal Loan,2018-02-08,181751,10,33775,94169,Delinquent,0-30,good,low,2996,1.9300512907644767,Soft
369,22,101558,West,Credit Card,Mortgage,2019-04-24,534949,0,35325,205779,Current,Current,good,low,2556,2.5996287279071235,Soft
370,28,80084,East,Savings,Personal Loan,2020-09-16,497270,10,20768,373749,Delinquent,0-30,good,low,2045,1.330491854158807,Soft
371,58,99948,North,Loan,Mortgage,2018-08-21,404441,0,47733,399865,Current,Current,good,low,2802,1.0114438623035273,Soft
372,40,54021,South,Credit Card,Auto Loan,2023-06-24,482316,0,42384,164748,Current,Current,good,low,1034,2.927598514094253,Soft
373,57,45974,North,Savings,Credit Card,2022-02-18,369071,70,1763,227012,Charged-off,60-90,bad,High,1525,1.6257774919387522,Aggressive
374,41,141075,North,Loan,Auto Loan,2024-10-14,621915,20,8581,58508,Delinquent,0-30,good,low,556,10.629572024338552,Soft
375,46,182614,East,Credit Card,Mortgage,2018-04-21,540468,0,28366,104093,Current,Current,good,low,2924,5.192164698875044,Soft
376,51,195782,North,Credit Card,Auto Loan,2018-01-19,546332,10,12077,335372,Delinquent,0-30,good,low,3016,1.629032835180039,Soft
377,40,86659,South,Current,Credit Card,2019-09-01,692526,0,45098,254168,Current,Current,good,low,2426,2.7246781656227377,Soft
378,26,104982,West,Savings,Mortgage,2022-07-23,243018,0,34156,427124,Current,Current,good,low,1370,0.5689635796630487,Soft
379,35,143846,East,Credit Card,Auto Loan,2022-01-09,682558,0,19107,369017,Current,Current,good,low,1565,1.8496654625667652,Soft
380,21,156242,North,Savings,Mortgage,2023-10-20,765439,35,34204,377682,Delinquent,30-60,good,medium,916,2.026675880767418,Soft
381,46,75809,South,Credit Card,Auto Loan,2018-06-07,297142,10,20894,390913,Delinquent,0-30,good,low,2877,0.7601230964434542,Soft
382,49,161625,North,Current,Mortgage,2020-12-07,311950,0,26407,105672,Current,Current,good,low,1963,2.952059202059202,Soft
383,22,117183,West,Savings,Mortgage,2017-02-20,207552,0,46108,469593,Current,Current,good,low,3349,0.44198273824354284,Soft
384,42,185137,West,Current,Auto Loan,2019-05-08,442368,50,7179,173225,Delinquent,30-60,good,medium,2542,2.5537191513926976,Soft
385,49,79685,South,Savings,Mortgage,2023-02-13,321249,0,41125,317502,Current,Current,good,low,1165,1.0118015004629892,Soft
386,29,84385,North,Credit Card,Credit Card,2018-02-21,125336,0,37958,241388,Current,Current,good,low,2983,0.5192304505609227,Soft
387,61,32638,East,Loan,Auto Loan,2019-05-01,746402,0,2313,119042,Current,Current,good,low,2549,6.270072747433679,Soft
388,41,80718,East,Current,Credit Card,2020-05-10,242439,95,24563,409912,Charged-off,90+,bad,High,2174,0.5914415777044829,Aggressive
389,52,29436,South,Current,Personal Loan,2017-02-14,499043,0,35468,345399,Current,Current,good,low,3355,1.4448304714258002,Soft
390,52,180648,East,Loan,Auto Loan,2020-02-23,163393,10,16372,281372,Delinquent,0-30,good,low,2251,0.5807009937022873,Soft
391,64,146831,South,Loan,Auto Loan,2018-08-30,629722,0,5081,274180,Current,Current,good,low,2793,2.2967466627762785,Soft
392,60,88049,North,Current,Personal Loan,2021-02-03,521334,0,35081,415589,Current,Current,good,low,1905,1.2544460993914661,Soft
393,46,97862,East,Savings,Personal Loan,2021-12-26,784067,120,32152,266835,Charged-off,90+,bad,High,1579,2.938396387280529,Aggressive
394,33,75397,South,Credit Card,Auto Loan,2019-07-30,498887,50,7238,328114,Delinquent,30-60,good,medium,2459,1.5204684957057608,Soft
395,23,98338,East,Savings,Personal Loan,2019-07-15,209917,0,17555,462145,Current,Current,good,low,2474,0.4542232416233,Soft
396,52,78144,North,Credit Card,Auto Loan,2023-03-30,278001,50,11303,445987,Delinquent,30-60,good,medium,1120,0.6233387968707608,Soft
397,53,26688,South,Current,Auto Loan,2024-08-17,149476,10,45805,378974,Delinquent,0-30,good,low,614,0.3944228363951089,Soft
398,53,64359,East,Loan,Personal Loan,2019-10-10,609777,0,9302,305298,Current,Current,good,low,2387,1.9973173751547668,Soft
399,62,98971,North,Current,Credit Card,2018-12-06,399173,70,5457,86151,Charged-off,60-90,bad,High,2695,4.633411103759678,Aggressive
400,62,97472,West,Loan,Mortgage,2018-02-09,676444,70,26408,37874,Charged-off,60-90,bad,High,2995,17.860379151924803,Aggressive
401,33,198666,West,Current,Mortgage,2025-01-30,341158,70,33205,252584,Charged-off,60-90,bad,High,448,1.350671459791594,Aggressive
402,63,139481,East,Loan,Auto Loan,2021-12-19,108977,120,41292,220896,Charged-off,90+,bad,High,1586,0.4933407576416051,Aggressive
403,26,187786,North,Credit Card,Personal Loan,2019-05-01,628673,50,44575,480853,Delinquent,30-60,good,medium,2549,1.3074120365267556,Soft
404,24,158282,West,Loan,Personal Loan,2017-04-12,678690,20,13973,163663,Delinquent,0-30,good,low,3298,4.146874980905886,Soft
405,58,84563,West,Savings,Mortgage,2018-02-16,310406,0,17390,240596,Current,Current,good,low,2988,1.2901544497830388,Soft
406,26,56312,West,Credit Card,Mortgage,2017-01-05,377195,35,20674,259171,Delinquent,30-60,good,medium,3395,1.455390456493975,Soft
407,23,110576,East,Savings,Auto Loan,2021-02-23,473831,0,13457,220029,Current,Current,good,low,1885,2.153493403142313,Soft
408,47,116494,West,Loan,Auto Loan,2019-11-20,310890,20,40346,90256,Delinquent,0-30,good,low,2346,3.444535543343379,Soft
409,60,25779,West,Savings,Credit Card,2017-06-10,186468,120,41777,479851,Charged-off,90+,bad,High,3239,0.3885956265590777,Aggressive
410,40,168895,East,Current,Auto Loan,2017-04-18,317135,50,41426,488655,Delinquent,30-60,good,medium,3292,0.6489957127216543,Soft
411,38,73149,West,Savings,Personal Loan,2021-02-03,571059,20,1950,443050,Delinquent,0-30,good,low,1905,1.288926757702291,Soft
412,40,157229,South,Current,Credit Card,2023-03-15,143271,0,37689,52636,Current,Current,good,low,1135,2.72192035868987,Soft
413,50,127980,West,Current,Mortgage,2021-04-09,470142,35,33954,457711,Delinquent,30-60,good,medium,1840,1.027159058882133,Soft
414,30,94436,North,Current,Credit Card,2018-07-06,147926,35,47290,244270,Delinquent,30-60,good,medium,2848,0.6055839849347034,Soft
415,43,115168,West,Loan,Auto Loan,2022-06-09,74042,10,3980,220986,Delinquent,0-30,good,low,1414,0.3350528992786873,Soft
416,23,159322,West,Loan,Personal Loan,2023-08-04,494318,10,6276,464862,Delinquent,0-30,good,low,993,1.06336504166828,Soft
417,29,98167,South,Current,Credit Card,2020-08-13,359311,0,9965,317204,Current,Current,good,low,2079,1.1327442276894364,Soft
418,39,186916,East,Loan,Auto Loan,2020-10-26,498551,120,7002,265698,Charged-off,90+,bad,High,2005,1.876382208371911,Aggressive
419,56,132346,North,Credit Card,Personal Loan,2019-09-12,78525,0,36402,341088,Current,Current,good,low,2415,0.23021918097382493,Soft
420,60,34367,East,Credit Card,Credit Card,2023-04-21,37876,0,24398,454483,Current,Current,good,low,1098,0.08333865073061039,Soft
421,47,40976,South,Credit Card,Mortgage,2023-08-20,699311,0,41262,402215,Current,Current,good,low,977,1.7386497271359844,Soft
422,62,197554,North,Loan,Auto Loan,2023-12-21,735467,20,23010,300683,Delinquent,0-30,good,low,854,2.4459879673942324,Soft
423,48,147328,South,Current,Auto Loan,2017-02-02,28534,0,1898,221779,Current,Current,good,low,3367,0.12865961159532688,Soft
424,63,155326,West,Credit Card,Mortgage,2021-03-29,507651,0,26845,428599,Current,Current,good,low,1851,1.184442800846479,Soft
425,28,98727,West,Current,Personal Loan,2020-09-03,320403,10,29640,402012,Delinquent,0-30,good,low,2058,0.7969985970568043,Soft
426,62,126749,East,Credit Card,Mortgage,2017-07-09,373242,35,32326,241753,Delinquent,30-60,good,medium,3210,1.5438981108817678,Soft
427,28,114761,South,Savings,Mortgage,2024-08-09,382067,0,21240,436446,Current,Current,good,low,622,0.8754049756441805,Soft
428,38,139744,East,Current,Auto Loan,2017-04-07,208047,20,31884,260018,Delinquent,0-30,good,low,3303,0.8001253759355121,Soft
429,41,64667,North,Current,Auto Loan,2025-03-09,170130,10,8375,159747,Delinquent,0-30,good,low,410,1.0649965257563523,Soft
430,33,192663,North,Credit Card,Credit Card,2022-08-21,735346,50,24358,104481,Delinquent,30-60,good,medium,1341,7.038083479292886,Soft
431,47,108586,West,Current,Auto Loan,2023-04-04,103722,0,27359,152460,Current,Current,good,low,1115,0.6803227075954349,Soft
432,60,135413,North,Savings,Personal Loan,2023-05-28,333162,50,14418,273952,Delinquent,30-60,good,medium,1061,1.2161327531830393,Soft
433,36,41888,South,Current,Mortgage,2024-05-16,741514,20,2728,275304,Delinquent,0-30,good,low,707,2.6934370731990818,Soft
434,60,177504,West,Current,Credit Card,2020-05-13,649004,0,16506,212117,Current,Current,good,low,2171,3.0596510416421125,Soft
435,29,190168,South,Credit Card,Credit Card,2018-04-26,455198,0,30638,378834,Current,Current,good,low,2919,1.201576416055581,Soft
436,47,55361,West,Current,Personal Loan,2024-07-01,116732,35,34395,40919,Delinquent,30-60,good,medium,661,2.8527578875339086,Soft
437,37,58451,South,Loan,Mortgage,2024-11-21,765832,0,44284,458598,Current,Current,good,low,518,1.669941866296844,Soft
438,23,113228,North,Savings,Auto Loan,2022-04-16,611158,70,32706,328900,Charged-off,60-90,bad,High,1468,1.8581878990574643,Aggressive
439,24,75499,East,Loan,Personal Loan,2019-01-16,132619,35,48244,395724,Delinquent,30-60,good,medium,2654,0.3351300401289788,Soft
440,60,131426,West,Savings,Auto Loan,2019-04-22,260038,35,31047,91617,Delinquent,30-60,good,medium,2558,2.8383160330506345,Soft
441,21,111963,North,Loan,Credit Card,2020-01-08,672826,35,7141,73969,Delinquent,30-60,good,medium,2297,9.096053752247563,Soft
442,34,128986,East,Savings,Auto Loan,2024-02-14,110287,95,30935,225910,Charged-off,90+,bad,High,799,0.4881899871630295,Aggressive
443,28,92181,South,Loan,Mortgage,2018-11-10,20093,0,49896,105596,Current,Current,good,low,2721,0.19028182885715367,Soft
444,27,175325,North,Current,Credit Card,2021-02-06,263324,20,39108,283952,Delinquent,0-30,good,low,1902,0.9273539189722206,Soft
445,50,187676,North,Current,Personal Loan,2017-03-12,765216,50,27241,238635,Delinquent,30-60,good,medium,3329,3.2066377522157268,Soft
446,45,183520,North,Current,Auto Loan,2017-12-23,524046,0,47699,205204,Current,Current,good,low,3043,2.5537806280579325,Soft
447,59,136662,West,Savings,Credit Card,2018-02-28,730435,10,24602,234133,Delinquent,0-30,good,low,2976,3.1197439062413244,Soft
448,36,156747,North,Savings,Personal Loan,2018-07-25,287870,0,20878,45519,Current,Current,good,low,2829,6.3241723236450715,Soft
449,31,117620,North,Current,Credit Card,2019-11-16,202838,10,47972,186490,Delinquent,0-30,good,low,2350,1.0876615368116254,Soft
450,45,89219,North,Savings,Personal Loan,2017-06-15,762526,0,5151,90881,Current,Current,good,low,3234,8.390378626995743,Soft
451,53,189041,West,Loan,Mortgage,2017-12-08,302051,70,41550,76370,Charged-off,60-90,bad,High,3058,3.95510017022391,Aggressive
452,41,160544,West,Credit Card,Credit Card,2022-10-26,459363,0,33381,362782,Current,Current,good,low,1275,1.2662232415059183,Soft
453,30,29556,South,Credit Card,Auto Loan,2018-03-03,657235,10,18241,140121,Delinquent,0-30,good,low,2973,4.690481797874694,Soft
454,29,114922,South,Savings,Credit Card,2022-04-02,50356,10,27522,127772,Delinquent,0-30,good,low,1482,0.3941082553298062,Soft
455,21,37597,South,Savings,Credit Card,2017-06-26,638962,70,17235,343373,Charged-off,60-90,bad,High,3223,1.860839378751387,Aggressive
456,54,53241,North,Savings,Credit Card,2024-09-15,717527,35,34909,499331,Delinquent,30-60,good,medium,585,1.43697667479087,Soft
457,51,145042,South,Savings,Credit Card,2019-01-28,279607,20,36961,372975,Delinquent,0-30,good,low,2642,0.7496668677525303,Soft
458,41,40985,West,Loan,Mortgage,2020-01-08,311191,0,18012,342901,Current,Current,good,low,2297,0.9075243291795592,Soft
459,44,105109,East,Savings,Mortgage,2017-12-18,669663,0,37592,313186,Current,Current,good,low,3048,2.1382277624159447,Soft
460,39,195810,South,Current,Credit Card,2022-01-23,86967,0,26291,40559,Current,Current,good,low,1551,2.1442096698636552,Soft
461,41,87461,East,Savings,Personal Loan,2021-09-07,700474,50,37674,490325,Delinquent,30-60,good,medium,1689,1.4285912405037475,Soft
462,45,140347,East,Current,Credit Card,2019-03-15,572806,0,9967,259943,Current,Current,good,low,2596,2.2035830932165896,Soft
463,40,103988,South,Loan,Personal Loan,2023-03-23,579494,50,17126,138949,Delinquent,30-60,good,medium,1127,4.170551785187371,Soft
464,46,123305,South,Savings,Auto Loan,2022-07-31,647997,70,14152,334843,Charged-off,60-90,bad,High,1362,1.9352263598163915,Aggressive
465,27,99236,East,Loan,Mortgage,2018-01-06,69131,10,15835,208217,Delinquent,0-30,good,low,3029,0.3320141967274526,Soft
466,23,44638,East,Current,Personal Loan,2024-12-12,359835,95,39921,215996,Charged-off,90+,bad,High,497,1.665933628400526,Aggressive
467,60,126958,East,Savings,Auto Loan,2024-12-27,703345,20,45424,37099,Delinquent,0-30,good,low,482,18.95859726677269,Soft
468,28,139170,East,Loan,Auto Loan,2023-07-29,494424,120,25662,82757,Charged-off,90+,bad,High,999,5.974406998803727,Aggressive
469,50,70697,North,Loan,Auto Loan,2021-12-21,354861,50,29844,152045,Delinquent,30-60,good,medium,1584,2.333920878687231,Soft
470,31,80508,North,Savings,Auto Loan,2017-03-25,755194,0,18466,375127,Current,Current,good,low,3316,2.0131688734748496,Soft
471,28,164491,West,Savings,Personal Loan,2024-12-18,327538,0,8928,294008,Current,Current,good,low,491,1.1140445157954886,Soft
472,57,38375,West,Credit Card,Personal Loan,2017-08-26,791096,95,27620,190171,Charged-off,90+,bad,High,3162,4.159919230587208,Aggressive
473,37,117917,North,Loan,Personal Loan,2024-08-06,77566,20,30135,229952,Delinquent,0-30,good,low,625,0.337313874199833,Soft
474,28,179474,East,Loan,Personal Loan,2023-02-12,592200,0,8037,282457,Current,Current,good,low,1166,2.0966023146886075,Soft
475,64,127664,West,Loan,Credit Card,2017-09-19,255575,50,49389,208029,Delinquent,30-60,good,medium,3138,1.2285546726658303,Soft
476,50,122775,East,Savings,Personal Loan,2023-07-17,204866,70,41933,293196,Charged-off,60-90,bad,High,1011,0.6987339527142253,Aggressive
477,63,192386,North,Loan,Mortgage,2022-12-08,377723,0,22492,176177,Current,Current,good,low,1232,2.143997230058407,Soft
478,63,77824,South,Loan,Personal Loan,2023-06-24,473570,0,39975,499032,Current,Current,good,low,1034,0.948977219897722,Soft
479,36,144578,South,Current,Mortgage,2021-03-02,306098,35,34535,166703,Delinquent,30-60,good,medium,1878,1.8361877110789848,Soft
480,24,156034,South,Savings,Credit Card,2023-11-11,395399,50,41550,268636,Delinquent,30-60,good,medium,894,1.4718764424723418,Soft
481,41,55852,West,Credit Card,Mortgage,2025-01-16,180246,0,41697,182097,Current,Current,good,low,462,0.9898350878927166,Soft
482,54,178495,West,Credit Card,Mortgage,2018-02-12,239639,35,48034,59325,Delinquent,30-60,good,medium,2992,4.039426885798568,Soft
483,60,47657,West,Credit Card,Credit Card,2019-06-03,64485,0,16975,387683,Current,Current,good,low,2516,0.16633435048738274,Soft
484,55,35714,North,Loan,Personal Loan,2024-03-09,168731,95,6232,384297,Charged-off,90+,bad,High,775,0.43906405722657216,Aggressive
485,33,82682,East,Savings,Credit Card,2024-06-11,266582,50,15370,212981,Delinquent,30-60,good,medium,681,1.2516703367906057,Soft
486,63,81174,South,Credit Card,Personal Loan,2024-10-14,776487,0,34557,198852,Current,Current,good,low,556,3.904848832297387,Soft
487,47,73852,West,Current,Mortgage,2021-07-03,708567,0,13212,154521,Current,Current,good,low,1755,4.585570893276642,Soft
488,28,183214,East,Credit Card,Personal Loan,2023-02-17,280922,0,37025,337352,Current,Current,good,low,1161,0.8327266475372904,Soft
489,61,64181,South,Loan,Personal Loan,2023-08-20,577008,70,47094,108442,Charged-off,60-90,bad,High,977,5.320890429907232,Aggressive
490,62,177436,North,Credit Card,Personal Loan,2023-02-13,265426,95,12813,262730,Charged-off,90+,bad,High,1165,1.0102614851748943,Aggressive
491,49,154996,East,Loan,Mortgage,2018-05-17,673787,20,4291,472742,Delinquent,0-30,good,low,2898,1.425274251071409,Soft
492,36,167981,South,Current,Mortgage,2025-01-22,743737,10,40625,401852,Delinquent,0-30,good,low,456,1.8507734190697072,Soft
493,63,167414,South,Current,Personal Loan,2023-03-23,660393,70,23786,281720,Charged-off,60-90,bad,High,1127,2.344146670452932,Aggressive
494,25,63495,West,Loan,Auto Loan,2022-07-22,615661,20,46856,166906,Delinquent,0-30,good,low,1371,3.688669071213737,Soft
495,57,78472,East,Savings,Auto Loan,2023-10-17,786130,0,10516,376358,Current,Current,good,low,919,2.0887824890131204,Soft
496,60,94151,East,Savings,Personal Loan,2021-10-16,766434,20,44466,206235,Delinquent,0-30,good,low,1650,3.716313913739181,Soft
497,60,75931,East,Loan,Credit Card,2024-05-08,267907,0,33283,261747,Current,Current,good,low,715,1.0235341761319137,Soft
498,62,91827,East,Credit Card,Credit Card,2020-10-19,346897,35,12945,248733,Delinquent,30-60,good,medium,2012,1.3946561172019796,Soft
499,30,154149,South,Savings,Personal Loan,2022-02-22,165838,95,34107,319973,Charged-off,90+,bad,High,1521,0.5182874805061677,Aggressive
500,35,50254,North,Credit Card,Mortgage,2022-11-03,506129,0,22626,200663,Current,Current,good,low,1267,2.5222836297673212,Soft
501,41,161852,West,Current,Credit Card,2018-11-04,761222,0,28723,410871,Current,Current,good,low,2727,1.8527031598725634,Soft
502,54,27552,East,Credit Card,Credit Card,2022-12-12,460561,20,6487,495129,Delinquent,0-30,good,low,1228,0.930183851077194,Soft
503,42,115326,West,Current,Personal Loan,2021-10-13,85189,35,21520,143339,Delinquent,30-60,good,medium,1653,0.5943183641576961,Soft
504,42,116097,North,Current,Mortgage,2018-07-28,409030,0,32411,339272,Current,Current,good,low,2826,1.2056108373222665,Soft
505,29,194256,North,Savings,Personal Loan,2020-05-23,528347,95,27492,167473,Charged-off,90+,bad,High,2161,3.154818985746956,Aggressive
506,46,87050,South,Savings,Personal Loan,2022-10-02,188947,0,39487,90208,Current,Current,good,low,1299,2.0945703263568642,Soft
507,33,98134,South,Loan,Mortgage,2020-07-20,613597,0,16561,435911,Current,Current,good,low,2103,1.4076199040629853,Soft
508,38,187444,East,Savings,Auto Loan,2022-12-29,275935,35,3047,202520,Delinquent,30-60,good,medium,1211,1.3625074066758838,Soft
509,21,62506,North,Credit Card,Mortgage,2021-08-30,552565,50,34025,415045,Delinquent,30-60,good,medium,1697,1.3313375658061175,Soft
510,43,32286,East,Credit Card,Credit Card,2019-07-31,254629,50,30209,46769,Delinquent,30-60,good,medium,2458,5.444396929590113,Soft
511,53,162332,South,Current,Credit Card,2021-03-09,480763,10,5962,136301,Delinquent,0-30,good,low,1871,3.5272155009867867,Soft
512,51,195400,North,Credit Card,Mortgage,2023-07-11,525564,120,6844,329199,Charged-off,90+,bad,High,1017,1.5964933064802749,Aggressive
513,41,77585,West,Current,Personal Loan,2022-01-14,799823,20,5983,306753,Delinquent,0-30,good,low,1560,2.6073844428579345,Soft
514,43,98449,West,Credit Card,Auto Loan,2024-01-14,586850,10,37910,446877,Delinquent,0-30,good,low,830,1.3132248918606237,Soft
515,36,77225,North,Current,Auto Loan,2022-10-22,506232,50,10911,485410,Delinquent,30-60,good,medium,1279,1.0428956964215819,Soft
516,47,155536,South,Current,Credit Card,2023-12-25,133140,0,2704,218338,Current,Current,good,low,850,0.6097884930703771,Soft
517,57,96235,South,Savings,Credit Card,2024-11-09,592356,0,17802,194878,Current,Current,good,low,530,3.039624790894816,Soft
518,58,55054,South,Loan,Mortgage,2018-04-20,785690,70,10353,350362,Charged-off,60-90,bad,High,2925,2.242509176223449,Aggressive
519,34,132868,South,Credit Card,Credit Card,2020-12-28,145483,50,23401,207459,Delinquent,30-60,good,medium,1942,0.7012614540704428,Soft
520,57,67998,South,Savings,Auto Loan,2023-05-30,384292,95,7847,177458,Charged-off,90+,bad,High,1059,2.1655377610476845,Aggressive
521,27,186245,West,Credit Card,Credit Card,2020-03-15,668112,10,49321,63564,Delinquent,0-30,good,low,2230,10.510855201057202,Soft
522,32,177174,South,Current,Personal Loan,2018-05-11,480139,0,29741,46453,Current,Current,good,low,2904,10.336017049490883,Soft
523,48,53429,North,Current,Personal Loan,2023-01-29,513854,95,20277,30957,Charged-off,90+,bad,High,1180,16.598959847530445,Aggressive
524,23,145769,West,Credit Card,Personal Loan,2021-01-12,359140,50,37068,474313,Delinquent,30-60,good,medium,1927,0.7571793309481292,Soft
525,42,183991,North,Loan,Credit Card,2023-07-23,606095,0,44766,340976,Current,Current,good,low,1005,1.7775297968185444,Soft
526,41,29683,North,Savings,Credit Card,2017-09-23,550606,0,8595,268410,Current,Current,good,low,3134,2.051361722737603,Soft
527,49,61920,East,Savings,Credit Card,2020-06-05,382530,70,11039,490223,Charged-off,60-90,bad,High,2148,0.7803183449164972,Aggressive
528,40,125072,East,Loan,Mortgage,2022-10-16,59786,70,26533,495665,Charged-off,60-90,bad,High,1285,0.12061775594403479,Aggressive
529,23,35021,North,Loan,Credit Card,2017-12-23,694406,50,8818,446091,Delinquent,30-60,good,medium,3043,1.5566465138278962,Soft
530,47,97813,South,Loan,Credit Card,2020-03-24,437281,20,43699,306756,Delinquent,0-30,good,low,2221,1.4255010496942195,Soft
531,41,35363,West,Current,Mortgage,2017-04-02,321372,0,16454,223628,Current,Current,good,low,3308,1.4370830128606435,Soft
532,61,179654,North,Savings,Mortgage,2020-04-03,766385,35,19397,485943,Delinquent,30-60,good,medium,2211,1.5771088378678157,Soft
533,53,90644,West,Loan,Personal Loan,2017-01-12,79404,0,37702,21980,Current,Current,good,low,3388,3.6125568698817108,Soft
534,50,103568,East,Loan,Auto Loan,2021-03-19,123383,20,41651,118492,Delinquent,0-30,good,low,1861,1.0412770482395437,Soft
535,59,161031,West,Current,Personal Loan,2019-09-27,788019,0,41986,22256,Current,Current,good,low,2400,35.40703630481668,Soft
536,61,192968,East,Loan,Auto Loan,2020-03-13,479189,10,2564,110826,Delinquent,0-30,good,low,2232,4.323795860177214,Soft
537,29,146421,East,Credit Card,Auto Loan,2020-10-04,15386,35,37623,58611,Delinquent,30-60,good,medium,2027,0.2625104502567777,Soft
538,58,86579,East,Loan,Personal Loan,2018-05-06,669003,70,39788,151602,Charged-off,60-90,bad,High,2909,4.412890331262121,Aggressive
539,43,162836,South,Current,Credit Card,2020-03-24,79397,10,7244,171381,Delinquent,0-30,good,low,2221,0.4632777262356971,Soft
540,43,197168,North,Current,Personal Loan,2021-04-11,498814,0,47441,277080,Current,Current,good,low,1838,1.8002526346181609,Soft
541,21,69697,South,Credit Card,Credit Card,2022-12-27,690733,0,5406,52192,Current,Current,good,low,1213,13.234461220110362,Soft
542,41,33522,East,Savings,Mortgage,2022-02-14,280704,95,37103,78460,Charged-off,90+,bad,High,1529,3.5776701503951056,Aggressive
543,52,74348,East,Savings,Auto Loan,2019-10-15,656241,0,9224,403089,Current,Current,good,low,2382,1.6280300380313033,Soft
544,46,175752,West,Savings,Credit Card,2022-08-26,383098,0,44466,58595,Current,Current,good,low,1336,6.538066387917058,Soft
545,53,57232,North,Loan,Auto Loan,2017-02-26,665402,35,38441,392977,Delinquent,30-60,good,medium,3343,1.6932339551678597,Soft
546,29,106315,South,Savings,Auto Loan,2021-11-12,380622,0,9590,64949,Current,Current,good,low,1623,5.860321175075828,Soft
547,37,111775,North,Savings,Mortgage,2022-12-23,656111,35,49071,322931,Delinquent,30-60,good,medium,1217,2.0317374299773014,Soft
548,26,74992,West,Credit Card,Credit Card,2022-03-07,107438,50,21471,182944,Delinquent,30-60,good,medium,1508,0.5872726080111946,Soft
549,27,75329,East,Credit Card,Personal Loan,2024-07-19,738384,120,2883,283446,Charged-off,90+,bad,High,643,2.605025295823543,Aggressive
550,27,34135,North,Current,Mortgage,2019-10-20,114384,10,32473,417991,Delinquent,0-30,good,low,2377,0.2736518250392951,Soft
551,57,167710,East,Credit Card,Credit Card,2021-08-23,151961,0,12310,398248,Current,Current,good,low,1704,0.38157379321427853,Soft
552,25,177766,North,Current,Personal Loan,2021-07-01,565680,50,37371,399261,Delinquent,30-60,good,medium,1757,1.4168175704614274,Soft
553,53,25851,West,Loan,Credit Card,2018-09-24,206100,50,41358,302054,Delinquent,30-60,good,medium,2768,0.6823283253987698,Soft
554,30,55427,North,Credit Card,Auto Loan,2024-04-18,207380,95,28337,421877,Charged-off,90+,bad,High,735,0.49156507702482005,Aggressive
555,37,160672,West,Current,Mortgage,2020-01-12,29889,0,3882,131294,Current,Current,good,low,2293,0.22764939753530244,Soft
556,60,133247,North,Current,Mortgage,2017-09-25,352255,10,27690,361867,Delinquent,0-30,good,low,3132,0.9734377547552001,Soft
557,48,104232,East,Current,Personal Loan,2017-05-14,225205,35,38794,97892,Delinquent,30-60,good,medium,3266,2.3005454991214807,Soft
558,42,136320,North,Current,Mortgage,2018-09-08,688447,120,19682,393783,Charged-off,90+,bad,High,2784,1.7482903020191323,Aggressive
559,41,59489,North,Savings,Credit Card,2019-06-07,34914,50,38901,211912,Delinquent,30-60,good,medium,2512,0.16475706897202613,Soft
560,52,166037,South,Savings,Auto Loan,2020-06-27,134963,120,24546,476879,Charged-off,90+,bad,High,2126,0.2830130913711864,Aggressive
561,52,74802,West,Credit Card,Credit Card,2022-03-22,380955,70,47889,242285,Charged-off,60-90,bad,High,1493,1.5723424892172442,Aggressive
562,56,55276,East,Current,Auto Loan,2023-06-06,632103,0,41553,282615,Current,Current,good,low,1052,2.23662225996497,Soft
563,51,31477,South,Savings,Personal Loan,2017-10-20,468999,70,19202,309115,Charged-off,60-90,bad,High,3107,1.5172314510780778,Aggressive
564,26,165625,North,Savings,Personal Loan,2023-02-14,59386,20,41458,392806,Delinquent,0-30,good,low,1164,0.15118404505022837,Soft
565,41,162044,East,Loan,Mortgage,2021-09-13,771716,0,30823,291761,Current,Current,good,low,1683,2.645027950959861,Soft
566,55,42852,North,Savings,Mortgage,2019-11-22,115127,0,39458,183956,Current,Current,good,low,2344,0.6258398747526582,Soft
567,34,50060,North,Current,Mortgage,2019-06-17,615249,0,21006,338308,Current,Current,good,low,2502,1.8186061222318124,Soft
568,43,188949,West,Credit Card,Auto Loan,2024-11-22,291458,0,1807,200976,Current,Current,good,low,517,1.4502129607515326,Soft
569,62,158424,East,Savings,Personal Loan,2023-04-14,205346,10,47855,455690,Delinquent,0-30,good,low,1105,0.4506265224165551,Soft
570,44,78430,North,Savings,Personal Loan,2020-07-26,234569,95,2170,217460,Charged-off,90+,bad,High,2097,1.0786765382139245,Aggressive
571,50,56038,North,Savings,Credit Card,2017-07-23,185090,35,19727,190117,Delinquent,30-60,good,medium,3196,0.9735583877296612,Soft
572,30,77676,East,Savings,Mortgage,2020-04-28,159878,10,47005,154421,Delinquent,0-30,good,low,2186,1.035338457852235,Soft
573,25,132554,South,Loan,Auto Loan,2021-04-01,90006,10,45086,171759,Delinquent,0-30,good,low,1848,0.5240249419244406,Soft
574,62,54066,West,Loan,Auto Loan,2021-02-27,18560,0,46267,105871,Current,Current,good,low,1881,0.17530768576852962,Soft
575,50,28715,South,Savings,Auto Loan,2017-02-06,645136,50,40177,457766,Delinquent,30-60,good,medium,3363,1.4093139289505991,Soft
576,27,54511,West,Current,Mortgage,2022-10-16,470487,0,12434,233359,Current,Current,good,low,1285,2.0161510805239997,Soft
577,26,195546,East,Current,Personal Loan,2022-06-23,191947,50,34969,161856,Delinquent,30-60,good,medium,1400,1.1859121688414394,Soft
578,28,89612,North,Loan,Mortgage,2017-11-20,299925,0,10768,428167,Current,Current,good,low,3076,0.7004860253125533,Soft
579,46,190055,South,Credit Card,Credit Card,2017-07-11,263608,50,26366,209984,Delinquent,30-60,good,medium,3208,1.2553718378543126,Soft
580,38,124035,West,Loan,Mortgage,2020-06-30,714102,50,45406,132988,Delinquent,30-60,good,medium,2123,5.369672451649773,Soft
581,56,107293,East,Current,Mortgage,2021-01-12,787534,0,9637,178208,Current,Current,good,low,1927,4.419184323936075,Soft
582,46,85493,West,Savings,Mortgage,2018-04-07,49357,70,18797,221880,Charged-off,60-90,bad,High,2938,0.22244907157021815,Aggressive
583,56,187716,East,Credit Card,Mortgage,2023-08-24,393308,0,8364,459209,Current,Current,good,low,973,0.8564901820304045,Soft
584,61,113787,South,Savings,Personal Loan,2018-05-25,128708,70,21105,302502,Charged-off,60-90,bad,High,2890,0.42547817865667004,Aggressive
585,24,37133,East,Savings,Auto Loan,2023-04-26,402013,0,33298,390524,Current,Current,good,low,1093,1.0294194466921367,Soft
586,33,119060,West,Credit Card,Mortgage,2021-02-24,518710,120,18753,145791,Charged-off,90+,bad,High,1884,3.5579013793718404,Aggressive
587,44,148525,North,Current,Personal Loan,2021-08-29,562770,10,28993,131005,Delinquent,0-30,good,low,1698,4.295790237013854,Soft
588,51,44979,South,Current,Mortgage,2018-07-09,562486,120,38632,459366,Charged-off,90+,bad,High,2845,1.2244833096049772,Aggressive
589,42,52137,East,Credit Card,Credit Card,2024-12-29,171369,0,5444,495547,Current,Current,good,low,480,0.3458178538059962,Soft
590,60,48847,West,Credit Card,Personal Loan,2023-03-03,543937,0,44873,262054,Current,Current,good,low,1147,2.075667610492494,Soft
591,38,147286,East,Credit Card,Personal Loan,2024-02-09,687696,10,28288,131589,Delinquent,0-30,good,low,804,5.22609032669904,Soft
592,54,84283,East,Credit Card,Personal Loan,2018-06-30,309216,0,19998,311442,Current,Current,good,low,2854,0.9928526017685476,Soft
593,43,181350,West,Loan,Credit Card,2020-09-22,667977,95,1207,86883,Charged-off,90+,bad,High,2039,7.6882359034563725,Aggressive
594,59,126103,South,Current,Mortgage,2020-07-08,230160,35,8679,99160,Delinquent,30-60,good,medium,2115,2.321097216619605,Soft
595,57,115619,West,Current,Personal Loan,2025-01-03,164588,50,7356,377010,Delinquent,30-60,good,medium,475,0.4365613644200419,Soft
596,21,182071,East,Savings,Auto Loan,2018-11-16,391427,10,1442,468398,Delinquent,0-30,good,low,2715,0.8356718004773718,Soft
597,62,71877,North,Savings,Credit Card,2019-03-30,190119,70,19523,67709,Charged-off,60-90,bad,High,2581,2.8078837377601205,Aggressive
598,40,35259,South,Credit Card,Personal Loan,2022-04-21,417574,10,9969,160012,Delinquent,0-30,good,low,1463,2.609641776866735,Soft
599,45,170748,South,Current,Auto Loan,2023-08-17,511718,20,11482,124337,Delinquent,0-30,good,low,980,4.115572999187692,Soft
600,26,53741,North,Credit Card,Auto Loan,2019-09-08,373957,20,29628,325678,Delinquent,0-30,good,low,2419,1.1482415146248748,Soft
601,50,114480,North,Current,Credit Card,2019-03-30,390123,0,46084,214942,Current,Current,good,low,2581,1.8150152134064073,Soft
602,40,152874,South,Credit Card,Personal Loan,2024-01-21,48743,70,34050,186394,Charged-off,60-90,bad,High,823,0.26150519866519306,Aggressive
603,29,194875,North,Credit Card,Credit Card,2024-01-25,267202,0,3331,106067,Current,Current,good,low,819,2.519181272214732,Soft
604,38,25751,East,Savings,Auto Loan,2018-11-12,367788,35,4001,256715,Delinquent,30-60,good,medium,2719,1.4326704711450442,Soft
605,60,106469,West,Loan,Auto Loan,2018-08-07,139408,35,45057,298523,Delinquent,30-60,good,medium,2816,0.46699249304073726,Soft
606,23,43400,South,Savings,Credit Card,2017-03-22,9768,0,9182,106434,Current,Current,good,low,3319,0.09177518462145555,Soft
607,56,145313,North,Loan,Auto Loan,2021-04-29,752492,50,48618,475850,Delinquent,30-60,good,medium,1820,1.581363875170747,Soft
608,26,104760,South,Loan,Mortgage,2020-02-29,174187,70,47883,288794,Charged-off,60-90,bad,High,2245,0.6031531125992923,Aggressive
609,64,127120,South,Savings,Personal Loan,2022-05-18,269693,0,46631,246687,Current,Current,good,low,1436,1.0932598799288167,Soft
610,58,170422,North,Current,Credit Card,2018-08-06,479435,70,41790,206005,Charged-off,60-90,bad,High,2817,2.3272978811193905,Aggressive
611,21,187834,South,Credit Card,Auto Loan,2023-10-13,537333,35,11550,47887,Delinquent,30-60,good,medium,923,11.220853258713221,Soft
612,39,75865,North,Credit Card,Auto Loan,2023-01-17,365378,50,20460,416773,Delinquent,30-60,good,medium,1192,0.8766834703783595,Soft
613,58,123283,West,Loan,Mortgage,2020-10-26,95819,0,8815,423970,Current,Current,good,low,2005,0.22600419841026487,Soft
614,48,163519,East,Current,Credit Card,2022-01-31,575996,0,4796,112424,Current,Current,good,low,1543,5.123425603074077,Soft
615,29,39667,West,Savings,Personal Loan,2022-07-21,358014,50,44450,171756,Delinquent,30-60,good,medium,1372,2.084433731572696,Soft
616,30,79666,South,Loan,Credit Card,2022-07-06,266791,0,28046,259435,Current,Current,good,low,1387,1.0283539229479446,Soft
617,44,64677,North,Savings,Mortgage,2019-05-22,517523,0,3989,166024,Current,Current,good,low,2528,3.1171577603238085,Soft
618,46,119056,South,Savings,Auto Loan,2019-07-11,575173,0,18166,161638,Current,Current,good,low,2478,3.5584021084151005,Soft
619,28,67761,East,Loan,Personal Loan,2017-11-26,447257,35,25543,296744,Delinquent,30-60,good,medium,3070,1.5072149731755318,Soft
620,25,185727,West,Current,Personal Loan,2023-02-25,777158,70,33379,414670,Charged-off,60-90,bad,High,1153,1.8741601755612898,Aggressive
621,33,135666,South,Credit Card,Personal Loan,2018-02-09,130398,0,1763,106812,Current,Current,good,low,2995,1.220817885630828,Soft
622,42,69320,West,Current,Mortgage,2021-12-07,567798,0,40440,162655,Current,Current,good,low,1598,3.4908118410131874,Soft
623,54,101940,South,Savings,Personal Loan,2021-01-15,116503,0,3604,305476,Current,Current,good,low,1924,0.38138184341814085,Soft
624,45,193644,North,Credit Card,Credit Card,2022-03-07,54522,20,11646,233710,Delinquent,0-30,good,low,1508,0.2332891189936246,Soft
625,43,59467,East,Savings,Auto Loan,2019-12-05,41572,20,7414,127414,Delinquent,0-30,good,low,2331,0.3262749776319714,Soft
626,61,198561,West,Credit Card,Credit Card,2017-08-24,130524,20,26134,479256,Delinquent,0-30,good,low,3164,0.2723471380639992,Soft
627,41,41501,East,Credit Card,Auto Loan,2020-03-23,132752,95,41629,118715,Charged-off,90+,bad,High,2222,1.1182411658172935,Aggressive
628,23,169309,South,Savings,Personal Loan,2022-06-05,363327,0,24270,481877,Current,Current,good,low,1418,0.7539828628467431,Soft
629,28,47205,North,Savings,Credit Card,2024-01-20,133956,0,13219,235671,Current,Current,good,low,824,0.5684025611976018,Soft
630,59,162012,North,Savings,Personal Loan,2018-10-20,536865,0,21958,486589,Current,Current,good,low,2742,1.1033233385875965,Soft
631,59,148366,South,Savings,Personal Loan,2019-11-15,382609,35,23227,429809,Delinquent,30-60,good,medium,2351,0.8901837793066223,Soft
632,42,87685,North,Current,Mortgage,2019-04-08,689716,10,28500,308506,Delinquent,0-30,good,low,2572,2.2356647844774495,Soft
633,31,87493,South,Savings,Mortgage,2017-10-11,365654,0,25998,138557,Current,Current,good,low,3116,2.6390149902206312,Soft
634,43,99963,East,Credit Card,Mortgage,2023-10-31,667848,120,9070,54511,Charged-off,90+,bad,High,905,12.251618939296655,Aggressive
635,36,75173,South,Loan,Credit Card,2020-02-16,695128,35,11152,422062,Delinquent,30-60,good,medium,2258,1.646980775336325,Soft
636,48,88661,South,Current,Credit Card,2020-08-16,695111,50,27444,312698,Delinquent,30-60,good,medium,2076,2.2229467409449373,Soft
637,55,104234,North,Current,Credit Card,2020-05-27,608282,70,11787,238398,Charged-off,60-90,bad,High,2157,2.551539861911593,Aggressive
638,62,144649,West,Current,Mortgage,2021-11-18,592398,0,48084,346300,Current,Current,good,low,1617,1.7106497256713833,Soft
639,49,136881,South,Loan,Auto Loan,2021-08-06,456031,70,44740,48854,Charged-off,60-90,bad,High,1721,9.334568305563515,Aggressive
640,58,71756,West,Loan,Credit Card,2023-10-27,147719,0,21914,183784,Current,Current,good,low,909,0.8037642014538806,Soft
641,26,187128,East,Current,Mortgage,2017-09-09,724825,20,40686,322973,Delinquent,0-30,good,low,3148,2.24422784567131,Soft
642,34,51795,North,Current,Credit Card,2021-09-11,196854,20,29081,120880,Delinquent,0-30,good,low,1685,1.6285076108537393,Soft
643,49,101827,East,Current,Credit Card,2018-06-28,90831,50,23074,375460,Delinquent,30-60,good,medium,2856,0.2419192457252437,Soft
644,48,90366,East,Credit Card,Personal Loan,2021-02-15,641255,70,10504,428292,Charged-off,60-90,bad,High,1893,1.497237865755139,Aggressive
645,30,47156,West,Loan,Credit Card,2024-07-24,515174,120,18638,296710,Charged-off,90+,bad,High,638,1.736287957938728,Aggressive
646,24,164480,East,Credit Card,Personal Loan,2020-04-02,364030,50,21635,101272,Delinquent,30-60,good,medium,2212,3.5945769808041708,Soft
647,44,37138,North,Credit Card,Mortgage,2018-04-06,683165,0,24827,491296,Current,Current,good,low,2939,1.3905364586725721,Soft
648,22,101433,East,Savings,Auto Loan,2020-02-23,5398,70,35589,93447,Charged-off,60-90,bad,High,2251,0.057765364324162356,Aggressive
649,49,121833,West,Savings,Credit Card,2020-04-02,675700,0,34464,223388,Current,Current,good,low,2212,3.024781993661253,Soft
650,45,168428,East,Loan,Auto Loan,2024-04-02,414654,70,48488,221354,Charged-off,60-90,bad,High,751,1.8732618339853808,Aggressive
651,51,166561,South,Loan,Credit Card,2019-12-01,438890,0,4791,29265,Current,Current,good,low,2335,14.997095506577823,Soft
652,35,141399,West,Current,Auto Loan,2023-09-06,44380,70,44539,23045,Charged-off,60-90,bad,High,960,1.9257973530049903,Aggressive
653,58,71865,West,Loan,Mortgage,2023-01-25,305217,0,9870,319226,Current,Current,good,low,1184,0.9561157299217482,Soft
654,53,116119,South,Savings,Mortgage,2023-06-18,143705,50,12599,352191,Delinquent,30-60,good,medium,1040,0.4080314374870454,Soft
655,28,80467,South,Credit Card,Credit Card,2020-07-08,362278,20,19549,450532,Delinquent,0-30,good,low,2115,0.804111583638898,Soft
656,60,109516,West,Current,Mortgage,2021-12-31,140401,35,15219,156821,Delinquent,30-60,good,medium,1574,0.8952946352848151,Soft
657,36,146466,West,Savings,Mortgage,2018-12-22,717075,50,10538,254295,Delinquent,30-60,good,medium,2679,2.819854892939303,Soft
658,58,77538,North,Current,Personal Loan,2023-04-11,486148,10,17135,313444,Delinquent,0-30,good,low,1108,1.5509883743188575,Soft
659,64,154643,South,Credit Card,Personal Loan,2018-06-22,388455,0,1110,251322,Current,Current,good,low,2862,1.5456466206698976,Soft
660,61,105502,North,Loan,Auto Loan,2018-07-26,781304,70,4404,301788,Charged-off,60-90,bad,High,2828,2.588916722997601,Aggressive
661,54,198814,East,Loan,Auto Loan,2023-10-06,412392,35,28717,40990,Delinquent,30-60,good,medium,930,10.060795315930715,Soft
662,26,70104,North,Current,Mortgage,2020-09-09,552127,120,5109,336953,Charged-off,90+,bad,High,2052,1.6385875774959713,Aggressive
663,59,74058,North,Savings,Credit Card,2023-08-14,623302,0,36403,190556,Current,Current,good,low,983,3.27096496567938,Soft
664,60,129152,South,Credit Card,Credit Card,2017-12-26,623840,0,18560,344062,Current,Current,good,low,3040,1.8131615813428974,Soft
665,43,106015,South,Current,Mortgage,2025-01-05,794772,0,4960,150630,Current,Current,good,low,473,5.276319458275244,Soft
666,41,61589,East,Current,Auto Loan,2025-02-06,632100,0,2237,137604,Current,Current,good,low,441,4.593616464637656,Soft
667,55,61544,East,Loan,Mortgage,2021-01-01,593259,0,10801,109001,Current,Current,good,low,1938,5.442693186301043,Soft
668,49,59507,West,Current,Personal Loan,2024-05-14,707762,35,14381,416528,Delinquent,30-60,good,medium,709,1.699194291860331,Soft
669,55,25435,South,Loan,Credit Card,2022-01-19,9430,0,10749,105591,Current,Current,good,low,1555,0.08930685380382798,Soft
670,22,189332,West,Credit Card,Credit Card,2021-11-28,445220,35,36847,251789,Delinquent,30-60,good,medium,1607,1.7682265706603546,Soft
671,53,158188,North,Savings,Auto Loan,2017-03-18,189651,10,32523,491512,Delinquent,0-30,good,low,3323,0.38585222741255554,Soft
672,46,38422,North,Credit Card,Credit Card,2017-08-18,311122,10,36110,185008,Delinquent,0-30,good,low,3170,1.681667819769956,Soft
673,64,89599,North,Loan,Auto Loan,2019-12-08,313789,0,11461,47865,Current,Current,good,low,2328,6.555708764232738,Soft
674,52,76220,South,Current,Personal Loan,2017-07-01,141846,50,35673,69200,Delinquent,30-60,good,medium,3218,2.049797687861272,Soft
675,38,47935,North,Savings,Mortgage,2019-03-23,456492,50,12075,336765,Delinquent,30-60,good,medium,2588,1.3555209122088103,Soft
676,54,142331,North,Savings,Auto Loan,2017-03-06,653769,0,23238,168185,Current,Current,good,low,3335,3.8872015934833666,Soft
677,50,59127,South,Credit Card,Mortgage,2024-10-25,129676,70,39685,159918,Charged-off,60-90,bad,High,545,0.8108905814229793,Aggressive
678,64,109427,South,Savings,Credit Card,2023-07-10,32591,120,6706,88800,Charged-off,90+,bad,High,1018,0.3670157657657658,Aggressive
679,43,118273,East,Loan,Personal Loan,2020-12-06,86055,0,10131,278688,Current,Current,good,low,1964,0.30878616947984844,Soft
680,40,104109,East,Loan,Credit Card,2023-01-03,286024,50,32732,316183,Delinquent,30-60,good,medium,1206,0.9046153651524592,Soft
681,43,167659,South,Loan,Mortgage,2021-05-08,345557,120,27231,189423,Charged-off,90+,bad,High,1811,1.8242610453851962,Aggressive
682,60,159131,West,Current,Auto Loan,2018-05-09,365031,0,34616,369229,Current,Current,good,low,2906,0.9886303621871522,Soft
683,28,148242,East,Savings,Personal Loan,2021-02-12,47831,120,45365,254078,Charged-off,90+,bad,High,1896,0.1882532135800817,Aggressive
684,34,87873,South,Savings,Mortgage,2022-04-28,293768,95,29577,292708,Charged-off,90+,bad,High,1456,1.003621356437132,Aggressive
685,43,161286,South,Savings,Personal Loan,2019-10-24,18483,50,28147,405769,Delinquent,30-60,good,medium,2373,0.04555054723253871,Soft
686,34,74425,North,Loan,Personal Loan,2022-02-11,323962,20,26626,139689,Delinquent,0-30,good,low,1532,2.31916614765658,Soft
687,22,46409,East,Savings,Auto Loan,2022-11-28,371415,0,26819,79411,Current,Current,good,low,1242,4.677122816738235,Soft
688,24,37198,North,Savings,Credit Card,2024-11-06,411279,35,24646,231376,Delinquent,30-60,good,medium,533,1.77753526727059,Soft
689,44,110008,East,Current,Credit Card,2020-01-08,500049,20,2990,474960,Delinquent,0-30,good,low,2297,1.0528233956543709,Soft
690,56,102055,North,Current,Credit Card,2024-02-17,188641,0,49736,471280,Current,Current,good,low,796,0.40027372262773725,Soft
691,29,115239,West,Loan,Credit Card,2023-06-10,459562,95,10518,423921,Charged-off,90+,bad,High,1048,1.084074627112127,Aggressive
692,36,151126,West,Savings,Mortgage,2019-05-20,256689,10,22283,225673,Delinquent,0-30,good,low,2530,1.137437797166697,Soft
693,52,157272,West,Savings,Mortgage,2017-05-14,74764,0,7203,69624,Current,Current,good,low,3266,1.0738251177754796,Soft
694,52,85409,West,Savings,Personal Loan,2024-01-06,747818,50,26290,498150,Delinquent,30-60,good,medium,838,1.5011904044966375,Soft
695,47,154399,East,Loan,Mortgage,2021-09-11,719129,0,36501,25329,Current,Current,good,low,1685,28.391527498124677,Soft
696,35,196144,South,Credit Card,Personal Loan,2019-10-13,269774,0,39033,308724,Current,Current,good,low,2384,0.8738355294696881,Soft
697,24,151442,South,Credit Card,Personal Loan,2021-06-28,312772,0,37730,284352,Current,Current,good,low,1760,1.0999465451271664,Soft
698,56,197102,South,Current,Auto Loan,2018-10-20,479159,120,8820,254371,Charged-off,90+,bad,High,2742,1.8837013653285948,Aggressive
699,45,187241,East,Credit Card,Credit Card,2018-05-02,191064,0,39289,302095,Current,Current,good,low,2913,0.6324632979691819,Soft
700,35,48670,South,Savings,Personal Loan,2017-07-14,189890,20,4383,440914,Delinquent,0-30,good,low,3205,0.43067355538721835,Soft
701,32,58236,West,Savings,Auto Loan,2024-06-24,185350,50,5051,356445,Delinquent,30-60,good,medium,668,0.5199960723253236,Soft
702,27,126864,West,Savings,Mortgage,2021-04-21,483234,70,36585,240349,Charged-off,60-90,bad,High,1828,2.0105513232840577,Aggressive
703,56,129011,East,Current,Credit Card,2018-11-04,374463,20,29154,266818,Delinquent,0-30,good,low,2727,1.4034397979146833,Soft
704,44,188113,West,Current,Mortgage,2021-02-17,450339,50,47879,322870,Delinquent,30-60,good,medium,1891,1.3947997646111439,Soft
705,26,35115,East,Loan,Auto Loan,2017-09-01,594584,120,2540,457758,Charged-off,90+,bad,High,3156,1.2989046614149835,Aggressive
706,61,193947,North,Current,Personal Loan,2020-03-16,678837,20,18472,442597,Delinquent,0-30,good,low,2229,1.533758701482387,Soft
707,51,119134,South,Savings,Personal Loan,2018-06-28,292263,0,3951,161539,Current,Current,good,low,2856,1.809241112053436,Soft
708,41,119331,West,Credit Card,Auto Loan,2024-08-26,202912,120,20180,105798,Charged-off,90+,bad,High,605,1.9179190532902324,Aggressive
709,31,176974,West,Loan,Credit Card,2022-07-08,117801,70,2032,425019,Charged-off,60-90,bad,High,1385,0.2771664325594856,Aggressive
710,36,153516,East,Savings,Mortgage,2021-12-04,211720,0,9059,285466,Current,Current,good,low,1601,0.7416645064561104,Soft
711,34,66526,South,Credit Card,Credit Card,2017-05-23,577196,70,25674,247864,Charged-off,60-90,bad,High,3257,2.3286802440047767,Aggressive
712,45,38209,West,Loan,Mortgage,2019-03-01,457796,50,42978,361454,Delinquent,30-60,good,medium,2610,1.266540140654136,Soft
713,34,77279,South,Current,Credit Card,2024-12-29,606950,35,45054,478315,Delinquent,30-60,good,medium,480,1.2689336525093295,Soft
714,58,38535,West,Current,Personal Loan,2022-07-19,625839,20,2742,103977,Delinquent,0-30,good,low,1374,6.019013820364119,Soft
715,38,64864,South,Savings,Auto Loan,2023-10-03,322686,0,44760,480769,Current,Current,good,low,933,0.6711872021698571,Soft
716,34,173621,East,Credit Card,Auto Loan,2019-05-31,613432,50,38354,255745,Delinquent,30-60,good,medium,2519,2.398607988425971,Soft
717,44,71161,South,Loan,Credit Card,2017-06-01,401754,0,34905,403251,Current,Current,good,low,3248,0.9962876719462568,Soft
718,28,143655,West,Credit Card,Auto Loan,2017-02-06,279530,50,24391,390308,Delinquent,30-60,good,medium,3363,0.7161779927646884,Soft
719,45,118422,West,Credit Card,Personal Loan,2019-01-14,644995,50,9926,450987,Delinquent,30-60,good,medium,2656,1.4301853490233642,Soft
720,54,107421,North,Credit Card,Mortgage,2024-09-30,648774,10,15113,352895,Delinquent,0-30,good,low,570,1.8384335283866307,Soft
721,64,42838,South,Loan,Personal Loan,2018-02-15,618497,0,11478,130411,Current,Current,good,low,2989,4.742675081089786,Soft
722,48,119391,West,Loan,Mortgage,2022-01-11,205444,10,16838,272040,Delinquent,0-30,good,low,1563,0.7551977650345537,Soft
723,44,92696,South,Savings,Auto Loan,2017-03-04,674384,0,20580,250191,Current,Current,good,low,3337,2.695476655834942,Soft
724,38,127545,South,Credit Card,Auto Loan,2019-08-18,618011,0,15547,251226,Current,Current,good,low,2440,2.459980256820552,Soft
725,54,126133,South,Loan,Mortgage,2022-07-21,28689,0,49392,279671,Current,Current,good,low,1372,0.10258124725123449,Soft
726,62,53959,West,Loan,Credit Card,2018-02-23,147336,10,1975,153206,Delinquent,0-30,good,low,2981,0.9616855736720494,Soft
727,23,139244,South,Current,Auto Loan,2017-02-09,529109,0,24705,97355,Current,Current,good,low,3360,5.434841559241949,Soft
728,32,80489,West,Credit Card,Personal Loan,2018-12-06,585787,0,4149,172657,Current,Current,good,low,2695,3.3927787463004684,Soft
729,56,152327,North,Loan,Personal Loan,2021-02-05,428006,35,18983,310223,Delinquent,30-60,good,medium,1903,1.3796720423695212,Soft
730,25,106665,South,Credit Card,Credit Card,2018-07-20,199877,50,17957,457782,Delinquent,30-60,good,medium,2834,0.43662048748094073,Soft
731,39,150032,North,Credit Card,Credit Card,2021-10-05,655993,0,4736,339295,Current,Current,good,low,1661,1.9334001385225246,Soft
732,32,143015,North,Loan,Auto Loan,2021-03-18,258661,35,49345,315725,Delinquent,30-60,good,medium,1862,0.8192604323382691,Soft
733,47,114647,West,Loan,Credit Card,2021-09-14,700856,0,15356,67402,Current,Current,good,low,1682,10.398148422895463,Soft
734,37,70286,North,Current,Personal Loan,2023-12-28,482254,10,25565,454071,Delinquent,0-30,good,low,847,1.0620673859374414,Soft
735,63,176271,West,Loan,Personal Loan,2024-06-04,731914,0,25522,463683,Current,Current,good,low,688,1.5784792627721957,Soft
736,48,106498,West,Savings,Auto Loan,2021-04-15,367142,0,42105,357925,Current,Current,good,low,1834,1.0257512048613537,Soft
737,60,120067,East,Current,Personal Loan,2022-04-08,663132,50,3101,144217,Delinquent,30-60,good,medium,1476,4.598154170451473,Soft
738,42,57541,South,Savings,Personal Loan,2024-04-19,211214,0,5664,131936,Current,Current,good,low,734,1.6008822459374241,Soft
739,30,166441,East,Loan,Personal Loan,2023-01-03,72860,0,23455,336826,Current,Current,good,low,1206,0.21631346748766425,Soft
740,61,80133,East,Loan,Mortgage,2019-10-30,700439,10,3959,411252,Delinquent,0-30,good,low,2367,1.7031868538025348,Soft
741,26,59498,North,Loan,Personal Loan,2024-10-30,159597,70,17501,196334,Charged-off,60-90,bad,High,540,0.8128851854492855,Aggressive
742,37,142046,South,Current,Personal Loan,2021-06-24,88689,20,2976,195853,Delinquent,0-30,good,low,1764,0.45283452385207273,Soft
743,32,75445,West,Loan,Auto Loan,2020-05-01,226697,0,35971,105838,Current,Current,good,low,2183,2.1419244505754076,Soft
744,26,187543,North,Savings,Credit Card,2020-12-04,366567,0,44506,124486,Current,Current,good,low,1966,2.9446443776810245,Soft
745,63,65066,North,Credit Card,Auto Loan,2018-05-15,324371,0,21269,176338,Current,Current,good,low,2900,1.839484399278658,Soft
746,42,101075,East,Loan,Auto Loan,2018-04-26,751470,0,4357,320726,Current,Current,good,low,2919,2.3430280052131724,Soft
747,36,36183,East,Credit Card,Auto Loan,2020-03-03,37065,70,44509,475797,Charged-off,60-90,bad,High,2242,0.07790086948845831,Aggressive
748,24,154570,East,Savings,Auto Loan,2022-10-18,467189,20,46650,322567,Delinquent,0-30,good,low,1283,1.448347165085083,Soft
749,45,42508,West,Current,Credit Card,2020-01-01,403734,95,8628,236793,Charged-off,90+,bad,High,2304,1.7050081716942647,Aggressive
750,53,189413,West,Current,Auto Loan,2021-10-30,206264,35,33358,41158,Delinquent,30-60,good,medium,1636,5.011516594586714,Soft
751,21,169608,East,Current,Auto Loan,2018-08-23,123981,0,25625,244276,Current,Current,good,low,2800,0.5075447444693707,Soft
752,35,119191,West,Loan,Auto Loan,2020-04-27,462474,70,42496,162039,Charged-off,60-90,bad,High,2187,2.8540906818728824,Aggressive
753,37,172926,West,Credit Card,Personal Loan,2022-04-05,751610,0,3157,202147,Current,Current,good,low,1479,3.7181358120575623,Soft
754,63,168414,West,Loan,Personal Loan,2017-07-11,241918,35,6763,35706,Delinquent,30-60,good,medium,3208,6.775275864000448,Soft
755,39,178819,North,Current,Personal Loan,2024-07-31,661773,0,47596,476164,Current,Current,good,low,631,1.3898005729118539,Soft
756,39,106424,North,Current,Personal Loan,2021-11-28,781329,50,15793,152168,Delinquent,30-60,good,medium,1607,5.13464723200673,Soft
757,40,109171,North,Current,Mortgage,2017-07-12,762111,0,28536,476648,Current,Current,good,low,3207,1.5988968798778134,Soft
758,21,139105,South,Loan,Personal Loan,2021-06-14,246770,50,8002,84312,Delinquent,30-60,good,medium,1774,2.926866875415125,Soft
759,43,151847,West,Current,Mortgage,2024-11-20,726961,70,25477,459775,Charged-off,60-90,bad,High,519,1.5811233755641347,Aggressive
760,36,172199,North,Credit Card,Mortgage,2022-04-09,667664,0,33036,35463,Current,Current,good,low,1475,18.827059188449933,Soft
761,44,60400,West,Savings,Personal Loan,2020-04-12,215006,0,47974,317553,Current,Current,good,low,2202,0.6770712290546775,Soft
762,40,116210,West,Current,Auto Loan,2018-02-18,784277,35,45335,300739,Delinquent,30-60,good,medium,2986,2.60783270543561,Soft
763,35,48837,West,Savings,Personal Loan,2019-04-17,569502,35,11619,350493,Delinquent,30-60,good,medium,2563,1.6248598402821168,Soft
764,44,142777,West,Current,Mortgage,2018-08-25,311739,0,12184,415342,Current,Current,good,low,2798,0.7505597796514679,Soft
765,57,42913,North,Credit Card,Mortgage,2022-04-08,8630,20,19101,356104,Delinquent,0-30,good,low,1476,0.02423449329409386,Soft
766,61,86695,North,Savings,Mortgage,2023-02-12,102732,70,17628,313231,Charged-off,60-90,bad,High,1166,0.3279752004111981,Aggressive
767,53,116492,North,Current,Personal Loan,2022-02-11,730326,20,40783,275521,Delinquent,0-30,good,low,1532,2.6507090203650536,Soft
768,52,74293,East,Current,Personal Loan,2021-10-29,442047,0,39743,320368,Current,Current,good,low,1637,1.3798100933925985,Soft
769,51,140904,East,Current,Credit Card,2025-02-08,99459,70,34238,231644,Charged-off,60-90,bad,High,439,0.4293614339244703,Aggressive
770,35,171314,East,Loan,Mortgage,2017-12-04,11801,0,19017,105974,Current,Current,good,low,3062,0.11135750278370166,Soft
771,21,164182,East,Loan,Personal Loan,2021-10-04,190293,20,25892,393123,Delinquent,0-30,good,low,1662,0.484054608862875,Soft
772,32,78339,West,Loan,Credit Card,2021-06-23,410016,70,32993,90494,Charged-off,60-90,bad,High,1765,4.530863924680089,Aggressive
773,55,64712,West,Savings,Mortgage,2019-08-25,602592,70,15104,237495,Charged-off,60-90,bad,High,2433,2.5372828901661086,Aggressive
774,57,169548,West,Current,Mortgage,2019-03-01,425584,0,13058,23901,Current,Current,good,low,2610,17.806116898874524,Soft
775,50,67736,West,Current,Personal Loan,2024-10-12,393665,20,7855,325423,Delinquent,0-30,good,low,558,1.2097024488127759,Soft
776,46,174908,North,Savings,Mortgage,2025-01-29,621212,20,27096,328089,Delinquent,0-30,good,low,449,1.8934252596094352,Soft
777,31,124021,West,Loan,Auto Loan,2018-02-02,718926,10,47550,358116,Delinquent,0-30,good,low,3002,2.0075227021412054,Soft
778,52,179703,East,Savings,Mortgage,2022-09-15,283353,120,36112,92185,Charged-off,90+,bad,High,1316,3.0737430167597766,Aggressive
779,22,165200,North,Credit Card,Personal Loan,2018-04-21,543020,0,12175,453012,Current,Current,good,low,2924,1.1986878934774354,Soft
780,30,41680,North,Loan,Personal Loan,2021-12-18,512611,0,39158,217248,Current,Current,good,low,1587,2.3595660259242894,Soft
781,42,97174,East,Loan,Auto Loan,2024-12-25,256506,35,4772,67578,Delinquent,30-60,good,medium,484,3.7957027434964044,Soft
782,29,71913,West,Savings,Mortgage,2022-03-20,438188,50,29238,96132,Delinquent,30-60,good,medium,1495,4.558190820954521,Soft
783,50,177350,North,Loan,Auto Loan,2018-08-28,137944,0,7790,366386,Current,Current,good,low,2795,0.3764991020399251,Soft
784,45,86630,East,Credit Card,Auto Loan,2021-04-01,171955,20,45289,379013,Delinquent,0-30,good,low,1848,0.4536915620308538,Soft
785,41,110813,North,Current,Auto Loan,2022-09-16,593039,0,16783,124332,Current,Current,good,low,1315,4.769801820931056,Soft
786,38,25945,East,Loan,Credit Card,2023-10-18,296945,0,14135,190916,Current,Current,good,low,918,1.5553699008988247,Soft
787,40,121638,South,Loan,Credit Card,2020-04-17,65241,50,34337,163793,Delinquent,30-60,good,medium,2197,0.39831372525077385,Soft
788,60,40692,North,Current,Auto Loan,2024-02-03,469211,70,8310,248784,Charged-off,60-90,bad,High,810,1.8860175895555984,Aggressive
789,36,199945,North,Loan,Personal Loan,2021-08-08,47697,0,49187,156243,Current,Current,good,low,1719,0.3052744762965381,Soft
790,59,110086,West,Current,Mortgage,2025-01-29,142094,50,32091,128441,Delinquent,30-60,good,medium,449,1.1062978332463933,Soft
791,55,172239,East,Savings,Credit Card,2023-01-28,744660,0,31195,270458,Current,Current,good,low,1181,2.7533295373033893,Soft
792,49,136284,East,Credit Card,Auto Loan,2023-04-18,60194,120,15909,358139,Charged-off,90+,bad,High,1101,0.1680744068643739,Aggressive
793,50,144131,South,Credit Card,Credit Card,2021-10-04,129332,0,12586,254929,Current,Current,good,low,1662,0.5073255690800184,Soft
794,23,166660,West,Current,Credit Card,2023-12-31,607457,0,44804,373536,Current,Current,good,low,844,1.6262341514606355,Soft
795,52,50069,West,Credit Card,Credit Card,2018-12-14,636186,0,29018,313537,Current,Current,good,low,2687,2.0290619607893166,Soft
796,34,180258,East,Current,Credit Card,2017-11-27,486393,0,39011,77439,Current,Current,good,low,3069,6.280982450703134,Soft
797,46,117144,North,Savings,Auto Loan,2021-02-26,667867,10,34434,444099,Delinquent,0-30,good,low,1882,1.5038696326719942,Soft
798,25,104520,West,Current,Personal Loan,2022-01-24,628216,0,12982,210338,Current,Current,good,low,1550,2.986697601004098,Soft
799,48,34937,South,Loan,Mortgage,2024-03-02,494591,0,36245,66741,Current,Current,good,low,782,7.410602178570893,Soft
800,28,143189,South,Loan,Mortgage,2019-01-25,403880,35,48140,237722,Delinquent,30-60,good,medium,2645,1.6989592885807792,Soft
801,53,111709,West,Savings,Mortgage,2018-04-19,777778,0,24772,482813,Current,Current,good,low,2926,1.6109301116581367,Soft
802,56,60622,South,Credit Card,Credit Card,2021-06-28,137495,35,42206,113132,Delinquent,30-60,good,medium,1760,1.2153502103737228,Soft
803,33,36355,South,Loan,Credit Card,2022-10-24,730642,35,38591,230974,Delinquent,30-60,good,medium,1277,3.163308424324816,Soft
804,40,123295,East,Current,Credit Card,2023-05-16,689057,50,11773,228121,Delinquent,30-60,good,medium,1073,3.0205767991548345,Soft
805,38,189764,North,Current,Credit Card,2018-10-03,603478,20,15390,496482,Delinquent,0-30,good,low,2759,1.2155083165149996,Soft
806,40,43572,West,Savings,Credit Card,2022-01-31,173845,10,45831,139321,Delinquent,0-30,good,low,1543,1.247801838918756,Soft
807,63,54093,North,Credit Card,Auto Loan,2024-06-10,518971,0,25938,431909,Current,Current,good,low,682,1.2015748687802292,Soft
808,53,198235,South,Savings,Personal Loan,2018-07-06,442077,10,44820,325269,Delinquent,0-30,good,low,2848,1.359111996532101,Soft
809,41,117954,North,Savings,Credit Card,2020-05-12,481401,0,11077,475362,Current,Current,good,low,2172,1.0127040024234162,Soft
810,44,52614,West,Savings,Auto Loan,2022-03-21,478997,0,31842,336444,Current,Current,good,low,1494,1.4237049850792405,Soft
811,48,191591,West,Savings,Credit Card,2024-02-18,69000,0,19864,359168,Current,Current,good,low,795,0.19211065573770492,Soft
812,25,173537,North,Credit Card,Mortgage,2020-08-19,663561,0,49768,31694,Current,Current,good,low,2073,20.936486401211585,Soft
813,50,137972,East,Credit Card,Credit Card,2022-04-13,38284,70,30651,226611,Charged-off,60-90,bad,High,1471,0.16894149004240747,Aggressive
814,63,147789,West,Current,Auto Loan,2018-11-30,396223,20,37671,331284,Delinquent,0-30,good,low,2701,1.196022144142186,Soft
815,44,25795,East,Current,Auto Loan,2023-05-01,96725,35,37116,331386,Delinquent,30-60,good,medium,1088,0.2918801639176067,Soft
816,59,169488,South,Loan,Auto Loan,2022-11-05,280164,0,38982,252119,Current,Current,good,low,1265,1.1112371538836818,Soft
817,34,88417,South,Current,Personal Loan,2021-09-30,591530,0,5612,373841,Current,Current,good,low,1666,1.5823037066560384,Soft
818,56,99665,South,Loan,Mortgage,2018-04-20,56732,70,6177,147562,Charged-off,60-90,bad,High,2925,0.38446212439516947,Aggressive
819,56,163176,South,Loan,Mortgage,2021-05-29,7408,35,12603,393037,Delinquent,30-60,good,medium,1790,0.018848098270646273,Soft
820,46,108098,West,Current,Auto Loan,2020-12-09,723634,0,22957,436923,Current,Current,good,low,1961,1.656204869050153,Soft
821,33,115746,South,Savings,Auto Loan,2023-03-22,261187,10,48004,308385,Delinquent,0-30,good,low,1128,0.8469510514454335,Soft
822,60,41600,East,Savings,Credit Card,2021-02-10,659512,10,22224,146743,Delinquent,0-30,good,low,1898,4.494333630905733,Soft
823,41,189259,North,Credit Card,Auto Loan,2019-12-18,741476,10,1726,114617,Delinquent,0-30,good,low,2318,6.469162515159183,Soft
824,46,139403,West,Savings,Auto Loan,2020-01-20,378935,35,34049,182048,Delinquent,30-60,good,medium,2285,2.0815114695025487,Soft
825,54,179973,South,Loan,Auto Loan,2022-10-28,755417,20,49769,312463,Delinquent,0-30,good,low,1273,2.41762064628452,Soft
826,60,95339,West,Credit Card,Auto Loan,2017-08-20,353862,50,7254,441444,Delinquent,30-60,good,medium,3168,0.8016011090874494,Soft
827,34,120661,West,Credit Card,Mortgage,2021-09-12,17323,0,38447,392808,Current,Current,good,low,1684,0.04410042565324535,Soft
828,41,137324,West,Current,Personal Loan,2019-04-04,638074,70,20342,485343,Charged-off,60-90,bad,High,2576,1.3146867267066795,Aggressive
829,63,149746,East,Loan,Mortgage,2023-06-24,246144,70,37824,347075,Charged-off,60-90,bad,High,1034,0.7091954188575956,Aggressive
830,39,34175,West,Loan,Credit Card,2023-08-23,508299,0,1980,291954,Current,Current,good,low,974,1.741024270946793,Soft
831,32,86122,West,Loan,Auto Loan,2021-01-31,301552,0,41010,72526,Current,Current,good,low,1908,4.1578468411328355,Soft
832,56,73545,South,Current,Auto Loan,2020-08-05,286587,50,19603,184360,Delinquent,30-60,good,medium,2087,1.5544966370145368,Soft
833,50,174743,South,Loan,Mortgage,2022-08-15,445548,10,35956,156895,Delinquent,0-30,good,low,1347,2.839784569297938,Soft
834,64,104306,South,Credit Card,Credit Card,2017-05-31,70283,0,42651,383394,Current,Current,good,low,3249,0.18331794446444127,Soft
835,53,175770,South,Credit Card,Mortgage,2021-04-15,104321,50,7660,145469,Delinquent,30-60,good,medium,1834,0.7171356096487912,Soft
836,64,132057,West,Savings,Mortgage,2019-08-16,131352,0,17984,408348,Current,Current,good,low,2442,0.3216668136001646,Soft
837,43,46271,East,Current,Mortgage,2020-11-30,599770,0,41716,322678,Current,Current,good,low,1970,1.8587260364821896,Soft
838,61,93114,North,Credit Card,Auto Loan,2021-07-06,638761,70,37673,225868,Charged-off,60-90,bad,High,1752,2.8280278746878706,Aggressive
839,33,191784,South,Credit Card,Personal Loan,2024-12-29,752093,50,44113,36984,Delinquent,30-60,good,medium,480,20.335631624486265,Soft
840,48,154728,East,Savings,Personal Loan,2022-07-08,629422,70,31143,181697,Charged-off,60-90,bad,High,1385,3.464129842540053,Aggressive
841,48,60219,East,Credit Card,Auto Loan,2023-12-06,459957,20,20410,499052,Delinquent,0-30,good,low,869,0.9216614701473995,Soft
842,39,174111,North,Credit Card,Personal Loan,2020-10-22,390085,0,32140,289129,Current,Current,good,low,2009,1.3491728605570523,Soft
843,57,185531,East,Current,Auto Loan,2018-05-30,198064,10,21132,270059,Delinquent,0-30,good,low,2885,0.7334101066803921,Soft
844,51,76380,South,Savings,Credit Card,2024-03-27,10720,0,10355,321257,Current,Current,good,low,757,0.03336892270051703,Soft
845,62,177242,North,Loan,Auto Loan,2017-01-31,142453,35,4469,90042,Delinquent,30-60,good,medium,3369,1.582072810466227,Soft
846,59,36039,North,Current,Personal Loan,2024-03-26,226771,35,14021,39421,Delinquent,30-60,good,medium,758,5.752543060805155,Soft
847,37,74083,East,Credit Card,Personal Loan,2021-03-26,695613,20,22644,305449,Delinquent,0-30,good,low,1854,2.2773458089566505,Soft
848,48,45269,South,Credit Card,Auto Loan,2019-09-26,194354,0,18124,181398,Current,Current,good,low,2401,1.0714230586886295,Soft
849,24,197376,North,Loan,Auto Loan,2021-01-19,704079,120,48133,456846,Charged-off,90+,bad,High,1920,1.5411736121143669,Aggressive
850,26,137302,South,Savings,Credit Card,2017-12-12,480047,20,16358,365433,Delinquent,0-30,good,low,3054,1.313638888660849,Soft
851,39,122467,East,Savings,Mortgage,2018-08-21,148866,20,46715,301850,Delinquent,0-30,good,low,2802,0.4931787311578599,Soft
852,43,27876,North,Loan,Personal Loan,2021-08-19,343698,10,41234,145533,Delinquent,0-30,good,low,1708,2.3616499350662736,Soft
853,60,89530,South,Current,Credit Card,2023-10-13,667526,35,21495,404929,Delinquent,30-60,good,medium,923,1.6485013422106098,Soft
854,62,147578,North,Current,Personal Loan,2019-12-20,252209,120,38118,407776,Charged-off,90+,bad,High,2316,0.6184988817389939,Aggressive
855,26,106237,North,Current,Credit Card,2022-11-08,643317,95,1874,240108,Charged-off,90+,bad,High,1262,2.679281823179569,Aggressive
856,44,62718,North,Credit Card,Personal Loan,2023-04-12,322097,0,45137,385654,Current,Current,good,low,1107,0.835196834468202,Soft
857,42,157974,East,Credit Card,Mortgage,2017-09-21,12079,10,8840,80008,Delinquent,0-30,good,low,3136,0.15097240275972404,Soft
858,41,90708,West,Current,Mortgage,2018-10-03,190236,70,15066,50105,Charged-off,60-90,bad,High,2759,3.7967468316535276,Aggressive
859,34,153799,North,Current,Credit Card,2020-07-30,648017,0,22489,52904,Current,Current,good,low,2093,12.24892257674278,Soft
860,44,34309,East,Credit Card,Credit Card,2019-03-31,545236,50,29002,301939,Delinquent,30-60,good,medium,2580,1.805781962581846,Soft
861,45,180408,North,Current,Auto Loan,2022-02-18,360597,50,26263,162751,Delinquent,30-60,good,medium,1525,2.2156361558454325,Soft
862,37,119056,East,Savings,Mortgage,2021-10-22,697203,0,9130,90691,Current,Current,good,low,1644,7.687675734086072,Soft
863,55,137000,North,Savings,Personal Loan,2018-01-11,143339,0,46618,183745,Current,Current,good,low,3024,0.780097417616806,Soft
864,37,195387,North,Credit Card,Credit Card,2021-07-25,312168,20,15231,179995,Delinquent,0-30,good,low,1733,1.7343148420789467,Soft
865,48,152795,East,Credit Card,Credit Card,2018-01-26,685470,0,25248,284021,Current,Current,good,low,3009,2.4134483013579984,Soft
866,22,183760,West,Loan,Personal Loan,2022-10-03,488529,35,49978,432565,Delinquent,30-60,good,medium,1298,1.1293770878365101,Soft
867,54,112291,South,Credit Card,Mortgage,2017-02-10,315009,120,47197,267478,Charged-off,90+,bad,High,3359,1.177700595936862,Aggressive
868,21,131802,East,Loan,Credit Card,2021-10-25,520416,35,12214,341615,Delinquent,30-60,good,medium,1641,1.5233991481638687,Soft
869,23,100579,West,Loan,Credit Card,2018-06-18,242703,10,5485,165071,Delinquent,0-30,good,low,2866,1.470294600505237,Soft
870,42,188702,North,Credit Card,Credit Card,2019-12-26,287958,10,8318,483344,Delinquent,0-30,good,low,2310,0.5957620245622166,Soft
871,62,170558,North,Savings,Mortgage,2024-07-13,715656,20,16449,323195,Delinquent,0-30,good,low,649,2.214316434350779,Soft
872,24,58598,South,Current,Mortgage,2019-11-07,425444,0,27648,440905,Current,Current,good,low,2359,0.96493348907361,Soft
873,35,154790,West,Credit Card,Mortgage,2017-03-13,329409,10,43902,329393,Delinquent,0-30,good,low,3328,1.0000485741955658,Soft
874,56,33616,North,Savings,Mortgage,2022-07-10,400307,70,9117,240490,Charged-off,60-90,bad,High,1383,1.6645473824275439,Aggressive
875,59,94287,South,Loan,Auto Loan,2024-03-25,695036,10,4826,317684,Delinquent,0-30,good,low,759,2.1878218607169386,Soft
876,32,98725,East,Savings,Personal Loan,2019-08-12,783290,0,24937,345821,Current,Current,good,low,2446,2.265015716223133,Soft
877,57,37912,North,Current,Auto Loan,2020-05-19,697284,50,25795,179946,Delinquent,30-60,good,medium,2165,3.874962488746624,Soft
878,61,186676,South,Loan,Credit Card,2024-04-09,631519,0,24161,481901,Current,Current,good,low,744,1.31047455805238,Soft
879,27,144815,East,Loan,Personal Loan,2018-11-11,276419,120,23078,257170,Charged-off,90+,bad,High,2720,1.0748493214605126,Aggressive
880,51,139779,West,Savings,Credit Card,2017-03-18,224508,0,26121,424467,Current,Current,good,low,3323,0.5289174423453413,Soft
881,25,181506,West,Current,Auto Loan,2021-01-04,573480,70,1943,192419,Charged-off,60-90,bad,High,1935,2.9803709612876066,Aggressive
882,47,169390,East,Savings,Auto Loan,2021-01-17,71445,20,33305,367756,Delinquent,0-30,good,low,1922,0.19427283307410348,Soft
883,45,155859,West,Current,Personal Loan,2020-10-12,354621,10,33208,288133,Delinquent,0-30,good,low,2019,1.2307545473791617,Soft
884,37,66771,West,Loan,Personal Loan,2020-09-18,675337,0,2577,355902,Current,Current,good,low,2043,1.8975364004697923,Soft
885,48,43137,South,Current,Auto Loan,2018-03-09,90869,50,15810,88586,Delinquent,30-60,good,medium,2967,1.0257715666132345,Soft
886,47,155244,South,Savings,Mortgage,2021-11-07,369544,0,15711,266424,Current,Current,good,low,1628,1.3870522175179414,Soft
887,46,36953,South,Credit Card,Credit Card,2020-12-30,777374,0,6535,194739,Current,Current,good,low,1940,3.9918763062355254,Soft
888,49,110499,West,Credit Card,Auto Loan,2024-08-05,769079,0,49315,246660,Current,Current,good,low,626,3.117972107354253,Soft
889,47,71577,East,Current,Auto Loan,2018-12-08,217523,35,24708,479992,Delinquent,30-60,good,medium,2693,0.4531804696744946,Soft
890,37,139643,North,Current,Personal Loan,2020-09-18,67947,0,32280,102856,Current,Current,good,low,2043,0.660603173368593,Soft
891,58,84356,South,Savings,Auto Loan,2020-12-08,142897,0,24633,244172,Current,Current,good,low,1962,0.5852309028062186,Soft
892,36,61460,West,Current,Personal Loan,2023-11-14,343761,70,36173,321436,Charged-off,60-90,bad,High,891,1.0694539503975908,Aggressive
893,29,117498,South,Loan,Mortgage,2024-05-27,734809,50,30437,417036,Delinquent,30-60,good,medium,696,1.7619797811220135,Soft
894,52,139124,North,Loan,Mortgage,2024-06-27,739552,0,37892,467770,Current,Current,good,low,665,1.581016311435107,Soft
895,21,77734,West,Credit Card,Personal Loan,2021-11-04,80543,10,31389,96616,Delinquent,0-30,good,low,1631,0.8336403908255361,Soft
896,29,73535,North,Loan,Credit Card,2018-06-17,614005,20,26839,266641,Delinquent,0-30,good,low,2867,2.3027403887624183,Soft
897,27,70177,West,Credit Card,Personal Loan,2022-12-30,599554,20,39393,52150,Delinquent,0-30,good,low,1210,11.496720997123681,Soft
898,64,37088,North,Current,Auto Loan,2018-04-13,579307,70,13153,225081,Charged-off,60-90,bad,High,2932,2.573771220138528,Aggressive
899,57,147544,East,Current,Personal Loan,2023-06-23,367303,120,22713,411298,Charged-off,90+,bad,High,1035,0.8930337614090027,Aggressive
900,60,167280,North,Credit Card,Mortgage,2022-03-04,696860,95,23510,63002,Charged-off,90+,bad,High,1511,11.06091870099362,Aggressive
901,26,133500,West,Credit Card,Personal Loan,2020-08-27,699980,0,8000,111629,Current,Current,good,low,2065,6.270592767112489,Soft
902,57,163875,East,Credit Card,Credit Card,2022-10-04,666072,70,8798,36546,Charged-off,60-90,bad,High,1297,18.22557872270563,Aggressive
903,59,165856,South,Loan,Personal Loan,2021-05-31,473395,35,31004,391931,Delinquent,30-60,good,medium,1788,1.2078529128851763,Soft
904,24,138578,East,Loan,Personal Loan,2019-11-28,380438,0,14448,193550,Current,Current,good,low,2338,1.9655799535003875,Soft
905,57,199035,East,Loan,Mortgage,2024-02-25,706772,35,9144,217908,Delinquent,30-60,good,medium,788,3.243442186610863,Soft
906,30,150799,South,Savings,Mortgage,2022-12-11,233644,0,22612,33198,Current,Current,good,low,1229,7.03789384902705,Soft
907,30,130563,West,Savings,Auto Loan,2017-05-02,770684,0,10708,458756,Current,Current,good,low,3278,1.6799431506072946,Soft
908,55,197005,East,Loan,Auto Loan,2020-11-06,95536,50,37462,175368,Delinquent,30-60,good,medium,1994,0.5447744172254916,Soft
909,28,93031,North,Current,Credit Card,2023-04-03,746832,0,24291,442198,Current,Current,good,low,1116,1.688908588460373,Soft
910,43,161776,North,Credit Card,Personal Loan,2023-08-23,411748,35,18845,349746,Delinquent,30-60,good,medium,974,1.1772772240425908,Soft
911,27,32836,East,Credit Card,Mortgage,2022-03-20,622523,35,12260,81896,Delinquent,30-60,good,medium,1495,7.6013846830126015,Soft
912,22,174147,North,Savings,Personal Loan,2019-04-17,181441,120,28165,166146,Charged-off,90+,bad,High,2563,1.092057587904614,Aggressive
913,58,78137,East,Savings,Personal Loan,2021-04-08,259533,0,4102,134710,Current,Current,good,low,1841,1.9266053002746641,Soft
914,40,75874,East,Current,Credit Card,2019-08-28,63977,0,10709,85440,Current,Current,good,low,2430,0.7487944756554307,Soft
915,51,87450,North,Current,Mortgage,2023-07-22,730010,0,24977,456747,Current,Current,good,low,1006,1.598280886355028,Soft
916,50,103638,South,Credit Card,Personal Loan,2017-09-13,116515,20,14538,123622,Delinquent,0-30,good,low,3144,0.9425102328064584,Soft
917,45,129150,North,Current,Mortgage,2018-08-25,267590,70,44999,244443,Charged-off,60-90,bad,High,2798,1.0946928322758271,Aggressive
918,30,35068,East,Current,Personal Loan,2022-11-08,502989,50,18144,42991,Delinquent,30-60,good,medium,1262,11.69986741410993,Soft
919,37,35327,East,Credit Card,Personal Loan,2020-01-02,298200,0,9921,338082,Current,Current,good,low,2303,0.8820345360001419,Soft
920,29,162604,West,Loan,Credit Card,2021-06-01,208311,95,39995,336195,Charged-off,90+,bad,High,1787,0.6196136170972204,Aggressive
921,63,126219,West,Current,Personal Loan,2022-11-23,22167,120,4514,369681,Charged-off,90+,bad,High,1247,0.059962508216543454,Aggressive
922,52,175355,East,Loan,Credit Card,2024-09-20,663230,20,41090,428778,Delinquent,0-30,good,low,580,1.546791113350032,Soft
923,44,137097,South,Current,Personal Loan,2023-08-11,570344,10,36601,126398,Delinquent,0-30,good,low,986,4.512286586813082,Soft
924,36,113272,East,Current,Mortgage,2024-06-13,488041,10,4187,403780,Delinquent,0-30,good,low,679,1.2086804695626332,Soft
925,32,63069,West,Loan,Personal Loan,2023-03-18,192632,70,4087,201442,Charged-off,60-90,bad,High,1132,0.9562653269923849,Aggressive
926,55,160214,South,Savings,Mortgage,2022-03-27,766228,0,1002,198491,Current,Current,good,low,1488,3.8602657047422806,Soft
927,63,89424,West,Savings,Auto Loan,2024-12-30,578035,50,23177,174000,Delinquent,30-60,good,medium,479,3.3220402298850575,Soft
928,37,72743,West,Loan,Personal Loan,2024-11-16,47070,35,39959,86825,Delinquent,30-60,good,medium,523,0.5421249640080622,Soft
929,49,74324,North,Loan,Credit Card,2020-11-24,517493,120,6378,61713,Charged-off,90+,bad,High,1976,8.385477938197786,Aggressive
930,56,173653,North,Loan,Auto Loan,2023-10-22,199524,0,33557,334203,Current,Current,good,low,914,0.5970143894579043,Soft
931,55,167462,South,Savings,Credit Card,2024-07-27,450380,120,1589,342765,Charged-off,90+,bad,High,635,1.3139614604758363,Aggressive
932,24,172219,South,Credit Card,Personal Loan,2017-08-03,334487,50,4903,496444,Delinquent,30-60,good,medium,3185,0.6737658225298322,Soft
933,27,194452,North,Savings,Credit Card,2017-10-25,470990,10,28599,339997,Delinquent,0-30,good,low,3102,1.3852769289140787,Soft
934,39,152040,East,Loan,Credit Card,2022-06-20,58312,70,23511,241534,Charged-off,60-90,bad,High,1403,0.24142356769647338,Aggressive
935,48,129779,West,Credit Card,Mortgage,2023-04-16,641796,10,14404,255488,Delinquent,0-30,good,low,1103,2.5120397044088176,Soft
936,61,86543,East,Current,Mortgage,2021-01-14,764861,10,5636,399861,Delinquent,0-30,good,low,1925,1.9128172039783824,Soft
937,42,54891,South,Credit Card,Auto Loan,2017-05-31,15826,20,11572,305014,Delinquent,0-30,good,low,3249,0.051886142931144144,Soft
938,41,73092,West,Current,Personal Loan,2024-01-18,581832,20,42663,269946,Delinquent,0-30,good,low,826,2.1553644062145763,Soft
939,25,62739,South,Savings,Credit Card,2018-08-27,577439,95,16281,229459,Charged-off,90+,bad,High,2796,2.516523649105069,Aggressive
940,52,160603,West,Credit Card,Credit Card,2020-03-22,310833,0,13467,51236,Current,Current,good,low,2223,6.066691388867203,Soft
941,21,74631,East,Savings,Credit Card,2024-01-11,235183,0,10695,28801,Current,Current,good,low,833,8.165792854414777,Soft
942,40,194110,West,Loan,Mortgage,2022-05-02,318578,50,30984,435534,Delinquent,30-60,good,medium,1452,0.7314652817001658,Soft
943,48,52393,East,Loan,Personal Loan,2022-11-02,163121,120,17769,347830,Charged-off,90+,bad,High,1268,0.46896759911450997,Aggressive
944,64,113389,East,Credit Card,Credit Card,2021-09-02,77809,95,46522,57784,Charged-off,90+,bad,High,1694,1.3465492177765472,Aggressive
945,57,161085,West,Credit Card,Mortgage,2018-07-29,358640,70,42693,225039,Charged-off,60-90,bad,High,2825,1.5936793178071356,Aggressive
946,32,189342,West,Current,Mortgage,2018-01-28,490566,70,12402,228089,Charged-off,60-90,bad,High,3007,2.1507657098764077,Aggressive
947,38,109891,East,Loan,Mortgage,2021-08-13,237109,50,49118,260145,Delinquent,30-60,good,medium,1714,0.9114493839973861,Soft
948,25,170942,East,Loan,Credit Card,2023-06-16,210836,0,18264,483136,Current,Current,good,low,1042,0.43639058153397803,Soft
949,51,131448,East,Credit Card,Credit Card,2021-01-29,590202,50,18851,182584,Delinquent,30-60,good,medium,1910,3.232495727993691,Soft
950,22,160690,South,Credit Card,Personal Loan,2017-07-06,526589,20,23608,233609,Delinquent,0-30,good,low,3213,2.2541468864641345,Soft
951,29,140480,East,Savings,Personal Loan,2018-05-12,316844,10,9002,492347,Delinquent,0-30,good,low,2903,0.6435379925134103,Soft
952,22,164188,North,Credit Card,Auto Loan,2019-08-18,585145,0,35926,233546,Current,Current,good,low,2440,2.5054807190018242,Soft
953,38,159846,South,Current,Credit Card,2017-05-10,495672,70,37786,480988,Charged-off,60-90,bad,High,3270,1.030528828162033,Aggressive
954,55,149221,South,Current,Personal Loan,2021-03-29,666301,0,26122,140154,Current,Current,good,low,1851,4.754063387416699,Soft
955,64,64161,East,Loan,Auto Loan,2018-12-06,235955,120,2493,289854,Charged-off,90+,bad,High,2695,0.8140477619767194,Aggressive
956,45,27214,West,Current,Personal Loan,2023-07-13,62533,50,16376,152182,Delinquent,30-60,good,medium,1015,0.4109093059625974,Soft
957,36,108858,North,Loan,Credit Card,2024-03-18,612873,50,30716,207007,Delinquent,30-60,good,medium,766,2.9606390122073165,Soft
958,61,136105,South,Loan,Auto Loan,2017-09-30,555274,0,44011,368980,Current,Current,good,low,3127,1.5048891538836793,Soft
959,64,133202,South,Credit Card,Auto Loan,2021-04-16,244873,70,2142,107142,Charged-off,60-90,bad,High,1833,2.285499617330272,Aggressive
960,40,142747,West,Loan,Credit Card,2020-10-10,25047,70,25622,346408,Charged-off,60-90,bad,High,2021,0.07230491212674073,Aggressive
961,24,94031,South,Credit Card,Credit Card,2020-06-20,392783,10,37981,337685,Delinquent,0-30,good,low,2133,1.1631638953462546,Soft
962,52,107879,West,Savings,Mortgage,2018-10-11,255444,10,25417,430874,Delinquent,0-30,good,low,2751,0.5928508102136587,Soft
963,40,152857,South,Current,Mortgage,2021-01-03,238914,10,22543,396317,Delinquent,0-30,good,low,1936,0.6028356088686582,Soft
964,59,190770,East,Credit Card,Auto Loan,2018-07-04,768716,20,29691,447061,Delinquent,0-30,good,low,2850,1.7194879445981646,Soft
965,35,133300,East,Current,Personal Loan,2017-09-10,382861,35,25491,205852,Delinquent,30-60,good,medium,3147,1.8598847715834677,Soft
966,38,117380,North,Savings,Credit Card,2019-11-04,266199,50,3951,345830,Delinquent,30-60,good,medium,2362,0.7697394673683602,Soft
967,27,198935,West,Savings,Personal Loan,2023-01-30,746536,10,42704,442290,Delinquent,0-30,good,low,1179,1.6878880372606209,Soft
968,23,67430,East,Loan,Personal Loan,2023-12-21,387203,35,32386,472094,Delinquent,30-60,good,medium,854,0.8201819976530098,Soft
969,28,108351,West,Current,Credit Card,2021-03-19,49022,0,21145,194322,Current,Current,good,low,1861,0.25227200214077666,Soft
970,49,105765,South,Savings,Mortgage,2020-04-07,508366,0,34881,274660,Current,Current,good,low,2207,1.8508920119420373,Soft
971,28,120665,East,Loan,Mortgage,2018-10-13,340976,0,36850,339058,Current,Current,good,low,2749,1.0056568492706264,Soft
972,21,114958,West,Current,Auto Loan,2019-02-15,163027,0,42796,144429,Current,Current,good,low,2624,1.1287691530094373,Soft
973,63,169012,West,Credit Card,Personal Loan,2019-07-19,240969,10,40005,400417,Delinquent,0-30,good,low,2470,0.601795128578457,Soft
974,41,94586,East,Current,Credit Card,2020-09-07,424282,0,19113,269925,Current,Current,good,low,2054,1.5718514402148744,Soft
975,59,85445,West,Savings,Mortgage,2022-08-20,281470,0,5149,308660,Current,Current,good,low,1342,0.9119095444826022,Soft
976,22,113757,East,Loan,Personal Loan,2022-05-16,244981,50,39987,207695,Delinquent,30-60,good,medium,1438,1.1795228580370254,Soft
977,54,69286,West,Loan,Mortgage,2018-11-19,260534,0,5454,202092,Current,Current,good,low,2712,1.28918512360707,Soft
978,41,181918,North,Current,Credit Card,2021-02-04,680916,120,26024,99698,Charged-off,90+,bad,High,1904,6.829785953579811,Aggressive
979,53,167437,North,Loan,Credit Card,2023-10-07,103917,95,40419,257290,Charged-off,90+,bad,High,929,0.4038905515177426,Aggressive
980,59,117452,South,Credit Card,Mortgage,2023-06-29,311727,95,39388,369601,Charged-off,90+,bad,High,1029,0.8434149258254171,Aggressive
981,60,155456,West,Savings,Auto Loan,2025-03-06,464484,0,27304,333351,Current,Current,good,low,413,1.3933781509579992,Soft
982,27,88138,North,Current,Personal Loan,2018-12-08,365581,35,25702,474676,Delinquent,30-60,good,medium,2693,0.7701695472280039,Soft
983,35,34901,South,Loan,Mortgage,2023-02-17,78365,0,47084,407474,Current,Current,good,low,1161,0.19231901912760077,Soft
984,29,130398,West,Savings,Mortgage,2019-06-16,473693,120,48753,99112,Charged-off,90+,bad,High,2503,4.779370812817822,Aggressive
985,50,142008,North,Current,Auto Loan,2018-01-30,777737,0,3422,94306,Current,Current,good,low,3005,8.246951413483766,Soft
986,64,97835,South,Current,Personal Loan,2018-05-17,155614,50,47879,370464,Delinquent,30-60,good,medium,2898,0.4200516109527511,Soft
987,37,39210,South,Credit Card,Mortgage,2019-11-09,122829,20,12045,450258,Delinquent,0-30,good,low,2357,0.27279692976027076,Soft
988,58,169812,West,Current,Auto Loan,2019-05-30,102556,120,7683,268411,Charged-off,90+,bad,High,2520,0.3820856820324055,Aggressive
989,61,138811,North,Credit Card,Personal Loan,2019-09-22,512326,0,32564,89615,Current,Current,good,low,2405,5.716967025609552,Soft
990,59,68122,West,Current,Mortgage,2023-04-26,615712,20,12314,199571,Delinquent,0-30,good,low,1093,3.0851777061797554,Soft
991,41,86705,North,Credit Card,Auto Loan,2021-12-02,271631,20,36835,450611,Delinquent,0-30,good,low,1603,0.6028059678969222,Soft
992,23,98368,South,Credit Card,Auto Loan,2017-01-30,108372,95,34294,205759,Charged-off,90+,bad,High,3370,0.5266938505727574,Aggressive
993,57,43259,West,Credit Card,Credit Card,2024-12-18,699914,70,30910,162969,Charged-off,60-90,bad,High,491,4.294767716559591,Aggressive
994,37,173566,South,Current,Mortgage,2020-04-29,311304,10,13254,140366,Delinquent,0-30,good,low,2185,2.21780203183107,Soft
995,37,147243,West,Current,Mortgage,2019-07-30,784684,35,31845,61496,Delinquent,30-60,good,medium,2459,12.7599193443476,Soft
996,31,80480,East,Loan,Credit Card,2017-08-03,438590,35,39432,361261,Delinquent,30-60,good,medium,3185,1.2140529976941878,Soft
997,30,152004,South,Loan,Mortgage,2019-08-03,504125,35,4884,247965,Delinquent,30-60,good,medium,2455,2.0330490190147805,Soft
998,21,124641,South,Loan,Credit Card,2018-06-18,157416,0,46539,316948,Current,Current,good,low,2866,0.49666191299519163,Soft
999,30,36260,East,Loan,Mortgage,2020-11-28,556412,0,47133,161891,Current,Current,good,low,1972,3.4369544940731727,Soft
1000,45,150016,West,Loan,Mortgage,2019-07-26,757844,0,26309,250553,Current,Current,good,low,2463,3.02468539590426,Soft
